,Unnamed: 0,epoch,nat_prec1,adv_prec1,nat_loss,adv_loss,train_prec1,train_loss,time,exp_id,source_eps,target_ds,num_training_images,unfrozen_blocks,seed,downscaled
347,0,1,57.42688751,-1,321.7974263,-1,39,21.54439163,60.11415529,65ffd99c-dcb3-4e4c-986f-dac776686f75,3,celeba,100,3,20100000,FALSE
348,1,21,79.00538635,-1,397.767605,-1,100,0.000117063,184.4360645,65ffd99c-dcb3-4e4c-986f-dac776686f75,3,celeba,100,3,20100000,FALSE
349,2,41,84.01872253,-1,26.58414322,-1,100,0,310.2862668,65ffd99c-dcb3-4e4c-986f-dac776686f75,3,celeba,100,3,20100000,FALSE
350,3,61,84.67307281,-1,16.04311719,-1,100,4.64E-07,432.1490834,65ffd99c-dcb3-4e4c-986f-dac776686f75,3,celeba,100,3,20100000,FALSE
351,4,81,84.82408142,-1,15.27349628,-1,100,0.002522946,547.3282194,65ffd99c-dcb3-4e4c-986f-dac776686f75,3,celeba,100,3,20100000,FALSE
352,5,100,84.84924316,-1,14.93088832,-1,100,0,657.0587976,65ffd99c-dcb3-4e4c-986f-dac776686f75,3,celeba,100,3,20100000,FALSE
353,0,1,57.42688751,-1,204.6429157,-1,39,22.36102295,61.85515618,4b7c2745-96f5-4d07-ac51-ff0710e62106,3,celeba,100,3,20100000,TRUE
354,1,21,55.51920319,-1,2473.233464,-1,99,0.036055893,180.9282737,4b7c2745-96f5-4d07-ac51-ff0710e62106,3,celeba,100,3,20100000,TRUE
355,2,41,74.78733826,-1,48.80187969,-1,100,0.000132679,302.7389317,4b7c2745-96f5-4d07-ac51-ff0710e62106,3,celeba,100,3,20100000,TRUE
356,3,61,79.14128876,-1,20.46991808,-1,100,0.000216336,421.6142173,4b7c2745-96f5-4d07-ac51-ff0710e62106,3,celeba,100,3,20100000,TRUE
357,4,81,79.42819977,-1,19.49457083,-1,100,7.94E-05,542.600348,4b7c2745-96f5-4d07-ac51-ff0710e62106,3,celeba,100,3,20100000,TRUE
358,5,100,79.51879883,-1,18.79730616,-1,100,0.000187349,659.35478,4b7c2745-96f5-4d07-ac51-ff0710e62106,3,celeba,100,3,20100000,TRUE
399,0,1,42.69894791,-1,43609.34016,-1,77.375,16.99811921,70.63928938,727c03f3-5a60-4a89-8be7-31adca55b6f4,3,celeba,1600,3,20100000,FALSE
400,1,21,94.03030396,-1,0.16738245,-1,97.5625,0.081592209,316.3487451,727c03f3-5a60-4a89-8be7-31adca55b6f4,3,celeba,1600,3,20100000,FALSE
401,2,41,94.1913681,-1,0.174457722,-1,99.5625,0.029806949,559.4584565,727c03f3-5a60-4a89-8be7-31adca55b6f4,3,celeba,1600,3,20100000,FALSE
402,3,61,94.25177002,-1,0.172605266,-1,99.5625,0.028215607,808.2647173,727c03f3-5a60-4a89-8be7-31adca55b6f4,3,celeba,1600,3,20100000,FALSE
403,4,81,94.27693939,-1,0.172285859,-1,99.5625,0.027514564,1051.111888,727c03f3-5a60-4a89-8be7-31adca55b6f4,3,celeba,1600,3,20100000,FALSE
404,5,100,94.32224274,-1,0.17261293,-1,99.375,0.029365859,1293.313277,727c03f3-5a60-4a89-8be7-31adca55b6f4,3,celeba,1600,3,20100000,FALSE
405,0,1,47.09317017,-1,14341.81729,-1,75.375,19.10682011,64.16423273,695fe576-c847-4969-91d2-80609bbb5ad0,3,celeba,1600,3,20100000,TRUE
406,1,21,92.35415649,-1,0.211130311,-1,95.6875,0.115180164,292.1437654,695fe576-c847-4969-91d2-80609bbb5ad0,3,celeba,1600,3,20100000,TRUE
407,2,41,92.92293549,-1,0.202837327,-1,98.8125,0.049744403,523.5758624,695fe576-c847-4969-91d2-80609bbb5ad0,3,celeba,1600,3,20100000,TRUE
408,3,61,92.97327423,-1,0.209652398,-1,99.0625,0.044899689,746.7102721,695fe576-c847-4969-91d2-80609bbb5ad0,3,celeba,1600,3,20100000,TRUE
409,4,81,92.97327423,-1,0.21154219,-1,99.0625,0.043660345,969.69052,695fe576-c847-4969-91d2-80609bbb5ad0,3,celeba,1600,3,20100000,TRUE
410,5,100,93.01856995,-1,0.212204978,-1,99.25,0.043180256,1184.281502,695fe576-c847-4969-91d2-80609bbb5ad0,3,celeba,1600,3,20100000,TRUE
417,0,1,42.57311249,-1,1057657.532,-1,47,40.71581818,61.08178926,e66db22c-89b7-49ed-9faf-3919ed7acc1f,3,celeba,200,3,20100000,FALSE
418,1,21,85.76030731,-1,5.133367508,-1,97.5,0.06009638,186.0941126,e66db22c-89b7-49ed-9faf-3919ed7acc1f,3,celeba,200,3,20100000,FALSE
419,2,41,89.26360321,-1,1.298471998,-1,99,0.016733349,314.8828502,e66db22c-89b7-49ed-9faf-3919ed7acc1f,3,celeba,200,3,20100000,FALSE
420,3,61,89.3491745,-1,1.329967751,-1,99,0.028994994,441.8957553,e66db22c-89b7-49ed-9faf-3919ed7acc1f,3,celeba,200,3,20100000,FALSE
421,4,81,89.3441391,-1,1.331354346,-1,100,0.015790852,570.1402128,e66db22c-89b7-49ed-9faf-3919ed7acc1f,3,celeba,200,3,20100000,FALSE
422,5,100,89.35923767,-1,1.335356154,-1,99,0.013927164,690.7959051,e66db22c-89b7-49ed-9faf-3919ed7acc1f,3,celeba,200,3,20100000,FALSE
423,0,1,42.57311249,-1,337768.2281,-1,47,41.71929321,60.90029669,87a0790a-7573-4f40-925b-26b860d15511,3,celeba,200,3,20100000,TRUE
424,1,21,81.23521423,-1,8.178567731,-1,97.5,0.073778858,189.5348327,87a0790a-7573-4f40-925b-26b860d15511,3,celeba,200,3,20100000,TRUE
425,2,41,86.6965332,-1,1.58706494,-1,99,0.02143698,315.9583914,87a0790a-7573-4f40-925b-26b860d15511,3,celeba,200,3,20100000,TRUE
426,3,61,86.81733704,-1,1.645968788,-1,100,0.018638325,443.8666239,87a0790a-7573-4f40-925b-26b860d15511,3,celeba,200,3,20100000,TRUE
427,4,81,86.77706909,-1,1.641947596,-1,100,0.031477032,571.0284145,87a0790a-7573-4f40-925b-26b860d15511,3,celeba,200,3,20100000,TRUE
428,5,100,86.73680115,-1,1.704343654,-1,100,0.027936524,696.5345082,87a0790a-7573-4f40-925b-26b860d15511,3,celeba,200,3,20100000,TRUE
445,0,1,49.69547272,-1,104.6204142,-1,78.03125,7.852421105,81.52490139,8d742681-2ce6-46ed-b901-aa8332a27ea8,3,celeba,3200,3,20100000,TRUE
446,1,11,93.7131958,-1,0.160942603,-1,94.65625,0.148454734,311.3721716,8d742681-2ce6-46ed-b901-aa8332a27ea8,3,celeba,3200,3,20100000,TRUE
447,2,21,94.18130493,-1,0.152678471,-1,96.59375,0.095880577,542.9732056,8d742681-2ce6-46ed-b901-aa8332a27ea8,3,celeba,3200,3,20100000,TRUE
448,3,31,93.18467712,-1,0.196351815,-1,97.5,0.072275,783.6571126,8d742681-2ce6-46ed-b901-aa8332a27ea8,3,celeba,3200,3,20100000,TRUE
449,4,41,93.76352692,-1,0.216661507,-1,98.125,0.046074265,1020.91818,8d742681-2ce6-46ed-b901-aa8332a27ea8,3,celeba,3200,3,20100000,TRUE
450,5,51,93.94976807,-1,0.219762178,-1,99.28125,0.021681932,1247.478515,8d742681-2ce6-46ed-b901-aa8332a27ea8,3,celeba,3200,3,20100000,TRUE
451,6,61,94.23667145,-1,0.215243724,-1,99.84375,0.009685825,1480.746496,8d742681-2ce6-46ed-b901-aa8332a27ea8,3,celeba,3200,3,20100000,TRUE
452,7,71,94.2014389,-1,0.232005502,-1,99.96875,0.007045446,1711.585478,8d742681-2ce6-46ed-b901-aa8332a27ea8,3,celeba,3200,3,20100000,TRUE
453,8,81,94.25177002,-1,0.236143969,-1,99.9375,0.005022183,1939.220129,8d742681-2ce6-46ed-b901-aa8332a27ea8,3,celeba,3200,3,20100000,TRUE
454,9,91,94.12593842,-1,0.246483954,-1,99.8125,0.007828226,2169.780181,8d742681-2ce6-46ed-b901-aa8332a27ea8,3,celeba,3200,3,20100000,TRUE
455,10,101,94.38264465,-1,0.23288846,-1,99.9375,0.0039672,2397.013586,8d742681-2ce6-46ed-b901-aa8332a27ea8,3,celeba,3200,3,20100000,TRUE
456,11,111,94.38768005,-1,0.229710784,-1,99.9375,0.004182569,2634.3028,8d742681-2ce6-46ed-b901-aa8332a27ea8,3,celeba,3200,3,20100000,TRUE
457,12,121,94.46318054,-1,0.231323563,-1,99.9375,0.005529372,2841.478151,8d742681-2ce6-46ed-b901-aa8332a27ea8,3,celeba,3200,3,20100000,TRUE
458,13,131,94.45310974,-1,0.231505518,-1,99.875,0.006133788,3040.340591,8d742681-2ce6-46ed-b901-aa8332a27ea8,3,celeba,3200,3,20100000,TRUE
459,14,141,94.4178772,-1,0.235738403,-1,99.90625,0.005071867,3236.533149,8d742681-2ce6-46ed-b901-aa8332a27ea8,3,celeba,3200,3,20100000,TRUE
460,15,150,94.45814514,-1,0.231452453,-1,100,0.003150398,3418.303405,8d742681-2ce6-46ed-b901-aa8332a27ea8,3,celeba,3200,3,20100000,TRUE
467,0,1,67.74047089,-1,1236206.818,-1,57.5,46.8090834,59.71982813,c743ee3e-356a-431e-8323-32fffae2c103,3,celeba,400,3,20100000,FALSE
468,1,21,89.63607788,-1,0.406247996,-1,93.5,0.148651391,198.6545086,c743ee3e-356a-431e-8323-32fffae2c103,3,celeba,400,3,20100000,FALSE
469,2,41,90.84411621,-1,0.359086661,-1,98.5,0.040365758,336.354634,c743ee3e-356a-431e-8323-32fffae2c103,3,celeba,400,3,20100000,FALSE
470,3,61,90.39109802,-1,0.346738036,-1,97.75,0.063493686,474.8540733,c743ee3e-356a-431e-8323-32fffae2c103,3,celeba,400,3,20100000,FALSE
471,4,81,91.14611816,-1,0.336936284,-1,99,0.050665548,636.2715952,c743ee3e-356a-431e-8323-32fffae2c103,3,celeba,400,3,20100000,FALSE
472,5,100,91.24176025,-1,0.312198139,-1,99,0.042312489,777.7671027,c743ee3e-356a-431e-8323-32fffae2c103,3,celeba,400,3,20100000,FALSE
473,0,1,57.4369545,-1,11034279.3,-1,56.75,46.87058296,62.57846594,df2d1004-bc33-455e-bfa0-d7ca44b73eab,3,celeba,400,3,20100000,TRUE
474,1,21,88.16127014,-1,0.388064093,-1,91.75,0.197156376,204.8767242,df2d1004-bc33-455e-bfa0-d7ca44b73eab,3,celeba,400,3,20100000,TRUE
475,2,41,90.01358795,-1,0.422629391,-1,96.75,0.087273096,348.5260887,df2d1004-bc33-455e-bfa0-d7ca44b73eab,3,celeba,400,3,20100000,TRUE
476,3,61,89.75184631,-1,0.365608571,-1,97.75,0.075667542,491.3201754,df2d1004-bc33-455e-bfa0-d7ca44b73eab,3,celeba,400,3,20100000,TRUE
477,4,81,90.00352478,-1,0.376269962,-1,98.25,0.070100493,637.1304822,df2d1004-bc33-455e-bfa0-d7ca44b73eab,3,celeba,400,3,20100000,TRUE
478,5,100,89.92298889,-1,0.365216904,-1,98,0.068537095,773.8647907,df2d1004-bc33-455e-bfa0-d7ca44b73eab,3,celeba,400,3,20100000,TRUE
495,0,1,92.08737946,-1,0.351853042,-1,84.796875,4.592463375,81.21571064,4fa61afe-d2d7-4188-9721-829f3c1c3bf1,3,celeba,6400,3,20100000,FALSE
496,1,11,96.20475769,-1,0.100446785,-1,95.296875,0.119076219,389.6748369,4fa61afe-d2d7-4188-9721-829f3c1c3bf1,3,celeba,6400,3,20100000,FALSE
497,2,21,95.83731842,-1,0.115697048,-1,97.90625,0.048652187,695.768841,4fa61afe-d2d7-4188-9721-829f3c1c3bf1,3,celeba,6400,3,20100000,FALSE
498,3,31,96.03865814,-1,0.118049081,-1,98.4375,0.041852689,1008.47038,4fa61afe-d2d7-4188-9721-829f3c1c3bf1,3,celeba,6400,3,20100000,FALSE
499,4,41,95.08229828,-1,0.176170195,-1,98.828125,0.030570153,1325.063882,4fa61afe-d2d7-4188-9721-829f3c1c3bf1,3,celeba,6400,3,20100000,FALSE
500,5,51,96.66783905,-1,0.106006674,-1,99.5625,0.014046971,1656.563637,4fa61afe-d2d7-4188-9721-829f3c1c3bf1,3,celeba,6400,3,20100000,FALSE
501,6,61,96.91448212,-1,0.109224962,-1,99.953125,0.004197419,1983.26131,4fa61afe-d2d7-4188-9721-829f3c1c3bf1,3,celeba,6400,3,20100000,FALSE
502,7,71,96.92454529,-1,0.111729006,-1,99.96875,0.002686213,2298.796519,4fa61afe-d2d7-4188-9721-829f3c1c3bf1,3,celeba,6400,3,20100000,FALSE
503,8,81,96.96481323,-1,0.111828178,-1,99.90625,0.002907837,2608.531915,4fa61afe-d2d7-4188-9721-829f3c1c3bf1,3,celeba,6400,3,20100000,FALSE
504,9,91,96.96481323,-1,0.112672892,-1,99.96875,0.001959546,2919.636163,4fa61afe-d2d7-4188-9721-829f3c1c3bf1,3,celeba,6400,3,20100000,FALSE
505,10,101,96.97488403,-1,0.116469837,-1,99.984375,0.001811282,3234.717712,4fa61afe-d2d7-4188-9721-829f3c1c3bf1,3,celeba,6400,3,20100000,FALSE
506,11,111,97.06548309,-1,0.11391029,-1,100,0.001654969,3553.865187,4fa61afe-d2d7-4188-9721-829f3c1c3bf1,3,celeba,6400,3,20100000,FALSE
507,12,121,96.93965149,-1,0.115114073,-1,100,0.001262906,3874.366217,4fa61afe-d2d7-4188-9721-829f3c1c3bf1,3,celeba,6400,3,20100000,FALSE
508,13,131,97.00004578,-1,0.116122469,-1,99.96875,0.001601219,4197.118615,4fa61afe-d2d7-4188-9721-829f3c1c3bf1,3,celeba,6400,3,20100000,FALSE
509,14,141,97.01011658,-1,0.115150921,-1,99.96875,0.001541808,4538.201347,4fa61afe-d2d7-4188-9721-829f3c1c3bf1,3,celeba,6400,3,20100000,FALSE
510,15,150,96.94467926,-1,0.11377196,-1,100,0.001576932,4829.638207,4fa61afe-d2d7-4188-9721-829f3c1c3bf1,3,celeba,6400,3,20100000,FALSE
511,0,1,89.27366638,-1,0.321496872,-1,81.9375,4.660391206,81.48031306,2dcd7a8d-652b-43b3-82c6-b7e9edacfa46,3,celeba,6400,3,20100000,TRUE
512,1,11,94.90612793,-1,0.13670251,-1,92.46875,0.197582478,391.7100501,2dcd7a8d-652b-43b3-82c6-b7e9edacfa46,3,celeba,6400,3,20100000,TRUE
513,2,21,93.85916138,-1,0.164930731,-1,96.515625,0.088068513,711.5342362,2dcd7a8d-652b-43b3-82c6-b7e9edacfa46,3,celeba,6400,3,20100000,TRUE
514,3,31,94.57391357,-1,0.148690332,-1,97.015625,0.074435616,1042.161185,2dcd7a8d-652b-43b3-82c6-b7e9edacfa46,3,celeba,6400,3,20100000,TRUE
515,4,41,93.43132019,-1,0.216653445,-1,98.234375,0.046891178,1362.668711,2dcd7a8d-652b-43b3-82c6-b7e9edacfa46,3,celeba,6400,3,20100000,TRUE
516,5,51,95.35913849,-1,0.140605941,-1,98.984375,0.02877873,1676.773623,2dcd7a8d-652b-43b3-82c6-b7e9edacfa46,3,celeba,6400,3,20100000,TRUE
517,6,61,95.2735672,-1,0.150579176,-1,99.796875,0.010439231,1995.192148,2dcd7a8d-652b-43b3-82c6-b7e9edacfa46,3,celeba,6400,3,20100000,TRUE
518,7,71,95.10746765,-1,0.167904864,-1,99.78125,0.00856678,2313.428198,2dcd7a8d-652b-43b3-82c6-b7e9edacfa46,3,celeba,6400,3,20100000,TRUE
519,8,81,95.29370117,-1,0.17015332,-1,99.890625,0.005827291,2631.676579,2dcd7a8d-652b-43b3-82c6-b7e9edacfa46,3,celeba,6400,3,20100000,TRUE
520,9,91,95.35410309,-1,0.171051269,-1,99.921875,0.004760081,2950.102917,2dcd7a8d-652b-43b3-82c6-b7e9edacfa46,3,celeba,6400,3,20100000,TRUE
521,10,101,95.41954041,-1,0.17429177,-1,99.96875,0.003162732,3279.395553,2dcd7a8d-652b-43b3-82c6-b7e9edacfa46,3,celeba,6400,3,20100000,TRUE
522,11,111,95.39437103,-1,0.174867026,-1,99.953125,0.003724403,3622.023853,2dcd7a8d-652b-43b3-82c6-b7e9edacfa46,3,celeba,6400,3,20100000,TRUE
523,12,121,95.31383514,-1,0.177132814,-1,99.953125,0.003402592,3961.809616,2dcd7a8d-652b-43b3-82c6-b7e9edacfa46,3,celeba,6400,3,20100000,TRUE
524,13,131,95.45980835,-1,0.17461536,-1,99.96875,0.002565357,4289.347182,2dcd7a8d-652b-43b3-82c6-b7e9edacfa46,3,celeba,6400,3,20100000,TRUE
525,14,141,95.43463898,-1,0.175877792,-1,99.953125,0.003017064,4608.277736,2dcd7a8d-652b-43b3-82c6-b7e9edacfa46,3,celeba,6400,3,20100000,TRUE
526,15,150,95.34906769,-1,0.177973343,-1,99.9375,0.002828822,4909.513035,2dcd7a8d-652b-43b3-82c6-b7e9edacfa46,3,celeba,6400,3,20100000,TRUE
533,0,1,44.03785324,-1,216759.2193,-1,68,33.55815216,61.00851417,0644737f-ff84-4e6d-a3ec-22df4f4b10dd,3,celeba,800,3,20100000,FALSE
534,1,21,92.51019287,-1,0.198848646,-1,96.75,0.10866796,228.5908315,0644737f-ff84-4e6d-a3ec-22df4f4b10dd,3,celeba,800,3,20100000,FALSE
535,2,41,92.46992493,-1,0.238403238,-1,98.375,0.05433788,396.4922817,0644737f-ff84-4e6d-a3ec-22df4f4b10dd,3,celeba,800,3,20100000,FALSE
536,3,61,92.43469238,-1,0.235436869,-1,99.25,0.036448949,566.6958311,0644737f-ff84-4e6d-a3ec-22df4f4b10dd,3,celeba,800,3,20100000,FALSE
537,4,81,92.77193451,-1,0.222614876,-1,99.75,0.033025667,736.9951718,0644737f-ff84-4e6d-a3ec-22df4f4b10dd,3,celeba,800,3,20100000,FALSE
538,5,100,92.50515747,-1,0.23721069,-1,99.25,0.039264744,901.05162,0644737f-ff84-4e6d-a3ec-22df4f4b10dd,3,celeba,800,3,20100000,FALSE
539,0,1,64.1616745,-1,442391.31,-1,67,35.16687233,64.08790827,3dc072ff-3085-45fe-bb45-3228d1181c47,3,celeba,800,3,20100000,TRUE
540,1,21,90.38103485,-1,0.254845397,-1,94.75,0.154101953,246.2152174,3dc072ff-3085-45fe-bb45-3228d1181c47,3,celeba,800,3,20100000,TRUE
541,2,41,91.37262726,-1,0.243298719,-1,98,0.078419746,430.8489618,3dc072ff-3085-45fe-bb45-3228d1181c47,3,celeba,800,3,20100000,TRUE
542,3,61,91.36256409,-1,0.241378922,-1,98.5,0.0641519,613.3016646,3dc072ff-3085-45fe-bb45-3228d1181c47,3,celeba,800,3,20100000,TRUE
543,4,81,91.36256409,-1,0.243769294,-1,98.5,0.062594452,804.0257633,3dc072ff-3085-45fe-bb45-3228d1181c47,3,celeba,800,3,20100000,TRUE
544,5,100,91.39276123,-1,0.243465065,-1,98.25,0.070188417,983.9848523,3dc072ff-3085-45fe-bb45-3228d1181c47,3,celeba,800,3,20100000,TRUE
698,0,1,57.42688751,-1,7061.833371,-1,41,27.15679932,59.58080816,a9c43a31-c450-42b3-832f-8c424beb70a1,4,celeba,100,3,20100000,TRUE
699,1,21,80.98857117,-1,121.3216678,-1,100,0.01162309,177.0537388,a9c43a31-c450-42b3-832f-8c424beb70a1,4,celeba,100,3,20100000,TRUE
700,2,41,84.14456177,-1,10.98414106,-1,98,0.028859481,294.3979065,a9c43a31-c450-42b3-832f-8c424beb70a1,4,celeba,100,3,20100000,TRUE
701,3,61,84.970047,-1,5.989869025,-1,99,0.014934292,410.3306892,a9c43a31-c450-42b3-832f-8c424beb70a1,4,celeba,100,3,20100000,TRUE
702,4,81,85.15125275,-1,5.756699587,-1,100,0.002274364,538.6594918,a9c43a31-c450-42b3-832f-8c424beb70a1,4,celeba,100,3,20100000,TRUE
703,5,100,85.126091,-1,5.615225042,-1,100,0.007811151,655.0627658,a9c43a31-c450-42b3-832f-8c424beb70a1,4,celeba,100,3,20100000,TRUE
704,0,1,61.84124374,-1,3136.807876,-1,74.625,23.26080801,65.73496318,c5c31956-56e5-4fd9-9375-9a8ece436530,4,celeba,1600,3,20100000,TRUE
705,1,21,91.67967224,-1,0.234158609,-1,91.25,0.222505318,299.2554429,c5c31956-56e5-4fd9-9375-9a8ece436530,4,celeba,1600,3,20100000,TRUE
706,2,41,92.67630005,-1,0.195615797,-1,96.8125,0.104618094,544.9375613,c5c31956-56e5-4fd9-9375-9a8ece436530,4,celeba,1600,3,20100000,TRUE
707,3,61,92.41958618,-1,0.203759381,-1,97.0625,0.094206491,787.8804758,c5c31956-56e5-4fd9-9375-9a8ece436530,4,celeba,1600,3,20100000,TRUE
708,4,81,92.56052399,-1,0.201176708,-1,97.25,0.085679493,1029.241109,c5c31956-56e5-4fd9-9375-9a8ece436530,4,celeba,1600,3,20100000,TRUE
709,5,100,92.53536224,-1,0.201008408,-1,97.0625,0.093004352,1264.500686,c5c31956-56e5-4fd9-9375-9a8ece436530,4,celeba,1600,3,20100000,TRUE
710,0,1,42.57311249,-1,144133299.7,-1,49,44.10544495,61.28307819,b044d283-2d5c-4cfa-9323-d64557d1ce8d,4,celeba,200,3,20100000,TRUE
711,1,21,84.18986511,-1,1.604810314,-1,93.5,0.215820667,189.0810583,b044d283-2d5c-4cfa-9323-d64557d1ce8d,4,celeba,200,3,20100000,TRUE
712,2,41,87.34584808,-1,0.516909158,-1,96,0.072097849,315.0229468,b044d283-2d5c-4cfa-9323-d64557d1ce8d,4,celeba,200,3,20100000,TRUE
713,3,61,87.57235718,-1,0.535807901,-1,96,0.088494245,439.8715281,b044d283-2d5c-4cfa-9323-d64557d1ce8d,4,celeba,200,3,20100000,TRUE
714,4,81,87.52705383,-1,0.52801673,-1,96,0.092778724,568.3950362,b044d283-2d5c-4cfa-9323-d64557d1ce8d,4,celeba,200,3,20100000,TRUE
715,5,100,87.56228638,-1,0.532448386,-1,96,0.097416017,695.768811,b044d283-2d5c-4cfa-9323-d64557d1ce8d,4,celeba,200,3,20100000,TRUE
716,0,1,58.87652969,-1,50.38135886,-1,75.375,14.78717126,75.60996914,8a0729ad-b903-4ef0-8ec4-d37086d5c1cf,4,celeba,3200,3,20100000,TRUE
717,1,11,92.67126465,-1,0.183548444,-1,90.59375,0.233406944,290.5635459,8a0729ad-b903-4ef0-8ec4-d37086d5c1cf,4,celeba,3200,3,20100000,TRUE
718,2,21,93.18971252,-1,0.170865969,-1,93.5,0.173326963,492.4852598,8a0729ad-b903-4ef0-8ec4-d37086d5c1cf,4,celeba,3200,3,20100000,TRUE
719,3,31,93.63768768,-1,0.177351334,-1,95.15625,0.125323123,694.0892081,8a0729ad-b903-4ef0-8ec4-d37086d5c1cf,4,celeba,3200,3,20100000,TRUE
720,4,41,90.04379272,-1,0.245722769,-1,94.5625,0.143093577,894.0780156,8a0729ad-b903-4ef0-8ec4-d37086d5c1cf,4,celeba,3200,3,20100000,TRUE
721,5,51,93.98500061,-1,0.16150498,-1,96.6875,0.089020521,1091.444379,8a0729ad-b903-4ef0-8ec4-d37086d5c1cf,4,celeba,3200,3,20100000,TRUE
722,6,61,93.92459869,-1,0.160119303,-1,97.84375,0.067906209,1291.966113,8a0729ad-b903-4ef0-8ec4-d37086d5c1cf,4,celeba,3200,3,20100000,TRUE
723,7,71,94.09573364,-1,0.159594577,-1,97.53125,0.070098415,1493.857699,8a0729ad-b903-4ef0-8ec4-d37086d5c1cf,4,celeba,3200,3,20100000,TRUE
724,8,81,93.90950012,-1,0.163109383,-1,98.28125,0.061645644,1695.785213,8a0729ad-b903-4ef0-8ec4-d37086d5c1cf,4,celeba,3200,3,20100000,TRUE
725,9,91,93.95479584,-1,0.162113888,-1,98.03125,0.059676776,1897.548763,8a0729ad-b903-4ef0-8ec4-d37086d5c1cf,4,celeba,3200,3,20100000,TRUE
726,10,101,94.05043793,-1,0.162830455,-1,98.40625,0.052872291,2099.038865,8a0729ad-b903-4ef0-8ec4-d37086d5c1cf,4,celeba,3200,3,20100000,TRUE
727,11,111,94.11586761,-1,0.160938953,-1,98.4375,0.053449342,2300.847826,8a0729ad-b903-4ef0-8ec4-d37086d5c1cf,4,celeba,3200,3,20100000,TRUE
728,12,121,94.11586761,-1,0.159033802,-1,98.03125,0.064912972,2493.220011,8a0729ad-b903-4ef0-8ec4-d37086d5c1cf,4,celeba,3200,3,20100000,TRUE
729,13,131,94.01016998,-1,0.161776216,-1,98.15625,0.056440224,2687.521096,8a0729ad-b903-4ef0-8ec4-d37086d5c1cf,4,celeba,3200,3,20100000,TRUE
730,14,141,94.07559967,-1,0.160625652,-1,98.53125,0.054334346,2893.365945,8a0729ad-b903-4ef0-8ec4-d37086d5c1cf,4,celeba,3200,3,20100000,TRUE
731,15,150,94.08567047,-1,0.159177303,-1,98.1875,0.054429639,3084.770709,8a0729ad-b903-4ef0-8ec4-d37086d5c1cf,4,celeba,3200,3,20100000,TRUE
732,0,1,57.31615067,-1,4584192.865,-1,53.5,74.91986206,61.17809987,9e98801c-cc23-42d9-affe-28fb9491d9ee,4,celeba,400,3,20100000,TRUE
733,1,21,87.7736969,-1,0.309784146,-1,91,0.272515775,209.9245467,9e98801c-cc23-42d9-affe-28fb9491d9ee,4,celeba,400,3,20100000,TRUE
734,2,41,88.18140411,-1,0.390295536,-1,94.5,0.121892669,365.0065575,9e98801c-cc23-42d9-affe-28fb9491d9ee,4,celeba,400,3,20100000,TRUE
735,3,61,86.93310547,-1,0.349574043,-1,91,0.199114392,503.7254322,9e98801c-cc23-42d9-affe-28fb9491d9ee,4,celeba,400,3,20100000,TRUE
736,4,81,88.66965485,-1,0.372117786,-1,95.75,0.110548831,645.4448423,9e98801c-cc23-42d9-affe-28fb9491d9ee,4,celeba,400,3,20100000,TRUE
737,5,100,88.95153046,-1,0.335157615,-1,95.25,0.125911104,787.9174728,9e98801c-cc23-42d9-affe-28fb9491d9ee,4,celeba,400,3,20100000,TRUE
738,0,1,88.25187683,-1,0.324627693,-1,79.875,6.643085153,86.74253559,94920a57-201d-4edb-b2af-14d801816c2a,4,celeba,6400,3,20100000,TRUE
739,1,11,93.72325897,-1,0.168498766,-1,90.703125,0.238012834,416.0276384,94920a57-201d-4edb-b2af-14d801816c2a,4,celeba,6400,3,20100000,TRUE
740,2,21,94.04540253,-1,0.151853037,-1,94.421875,0.140392031,758.7601874,94920a57-201d-4edb-b2af-14d801816c2a,4,celeba,6400,3,20100000,TRUE
741,3,31,94.4229126,-1,0.142346897,-1,94.359375,0.139367427,1104.448185,94920a57-201d-4edb-b2af-14d801816c2a,4,celeba,6400,3,20100000,TRUE
742,4,41,93.90950012,-1,0.159419506,-1,96.1875,0.099556731,1463.715256,94920a57-201d-4edb-b2af-14d801816c2a,4,celeba,6400,3,20100000,TRUE
743,5,51,94.7702179,-1,0.140776503,-1,97.234375,0.072762682,1807.321804,94920a57-201d-4edb-b2af-14d801816c2a,4,celeba,6400,3,20100000,TRUE
744,6,61,94.90612793,-1,0.170337758,-1,98.71875,0.034761334,2146.808759,94920a57-201d-4edb-b2af-14d801816c2a,4,celeba,6400,3,20100000,TRUE
745,7,71,94.64942169,-1,0.183954025,-1,99.03125,0.028932106,2476.098161,94920a57-201d-4edb-b2af-14d801816c2a,4,celeba,6400,3,20100000,TRUE
746,8,81,94.52861786,-1,0.196913312,-1,99.140625,0.026753773,2806.883404,94920a57-201d-4edb-b2af-14d801816c2a,4,celeba,6400,3,20100000,TRUE
747,9,91,94.30714417,-1,0.212011961,-1,99.296875,0.021759844,3140.902618,94920a57-201d-4edb-b2af-14d801816c2a,4,celeba,6400,3,20100000,TRUE
748,10,101,94.87592316,-1,0.190037456,-1,99.265625,0.021738542,3481.312258,94920a57-201d-4edb-b2af-14d801816c2a,4,celeba,6400,3,20100000,TRUE
749,11,111,94.93128967,-1,0.193240962,-1,99.546875,0.014800351,3804.066513,94920a57-201d-4edb-b2af-14d801816c2a,4,celeba,6400,3,20100000,TRUE
750,12,121,94.90612793,-1,0.190814001,-1,99.578125,0.013813969,4129.604409,94920a57-201d-4edb-b2af-14d801816c2a,4,celeba,6400,3,20100000,TRUE
751,13,131,94.94136047,-1,0.191607164,-1,99.515625,0.015777103,4445.688574,94920a57-201d-4edb-b2af-14d801816c2a,4,celeba,6400,3,20100000,TRUE
752,14,141,94.9111557,-1,0.191526233,-1,99.546875,0.013615618,4776.21695,94920a57-201d-4edb-b2af-14d801816c2a,4,celeba,6400,3,20100000,TRUE
753,15,150,94.90109253,-1,0.191338315,-1,99.609375,0.013437071,5075.806579,94920a57-201d-4edb-b2af-14d801816c2a,4,celeba,6400,3,20100000,TRUE
754,0,1,42.58821106,-1,536585.8759,-1,59.875,60.29111073,63.77950025,7794cc1a-b0ab-4c33-bbb4-3a2894873a46,4,celeba,800,3,20100000,TRUE
755,1,21,90.29546356,-1,0.269314194,-1,91.625,0.208805655,239.6209354,7794cc1a-b0ab-4c33-bbb4-3a2894873a46,4,celeba,800,3,20100000,TRUE
756,2,41,90.33069611,-1,0.271924044,-1,95.125,0.14325622,411.6279416,7794cc1a-b0ab-4c33-bbb4-3a2894873a46,4,celeba,800,3,20100000,TRUE
757,3,61,91.26189423,-1,0.241756419,-1,96.25,0.103405636,582.5635633,7794cc1a-b0ab-4c33-bbb4-3a2894873a46,4,celeba,800,3,20100000,TRUE
758,4,81,91.23672485,-1,0.238734332,-1,97.75,0.091593963,753.254261,7794cc1a-b0ab-4c33-bbb4-3a2894873a46,4,celeba,800,3,20100000,TRUE
759,5,100,91.09578705,-1,0.246730962,-1,97.125,0.087747707,918.027123,7794cc1a-b0ab-4c33-bbb4-3a2894873a46,4,celeba,800,3,20100000,TRUE
760,0,1,17.87999916,-1,666.4749031,-1,4,24.06311226,18.75070071,ce36c6d7-0690-4f0d-8b0a-09cd09fbae0c,4,kmnist,100,3,20100000,FALSE
761,1,21,14.06999969,-1,839.0111568,-1,100,0.001828935,65.20071197,ce36c6d7-0690-4f0d-8b0a-09cd09fbae0c,4,kmnist,100,3,20100000,FALSE
762,2,41,41.25999832,-1,11.27812306,-1,100,0.000786731,110.6925328,ce36c6d7-0690-4f0d-8b0a-09cd09fbae0c,4,kmnist,100,3,20100000,FALSE
763,3,61,45.88999939,-1,7.229722972,-1,100,0.000542808,157.0521252,ce36c6d7-0690-4f0d-8b0a-09cd09fbae0c,4,kmnist,100,3,20100000,FALSE
764,4,81,46.25,-1,6.960293143,-1,100,0.000490221,205.2430434,ce36c6d7-0690-4f0d-8b0a-09cd09fbae0c,4,kmnist,100,3,20100000,FALSE
765,5,100,46.34999847,-1,6.92786227,-1,100,0.000482536,250.5264142,ce36c6d7-0690-4f0d-8b0a-09cd09fbae0c,4,kmnist,100,3,20100000,FALSE
766,0,1,10,-1,22630.32334,-1,40.625,23.06379555,22.75847864,cfb27760-3841-4601-920c-5ddde404f51e,4,kmnist,1600,3,20100000,FALSE
767,1,21,81.06999969,-1,0.715321904,-1,100,0.019004484,128.2648406,cfb27760-3841-4601-920c-5ddde404f51e,4,kmnist,1600,3,20100000,FALSE
768,2,41,82.19999695,-1,0.672171382,-1,100,0.00917786,230.5168872,cfb27760-3841-4601-920c-5ddde404f51e,4,kmnist,1600,3,20100000,FALSE
769,3,61,82.47000122,-1,0.660868981,-1,100,0.007803161,332.2117848,cfb27760-3841-4601-920c-5ddde404f51e,4,kmnist,1600,3,20100000,FALSE
770,4,81,82.43999481,-1,0.662181767,-1,100,0.008170712,433.1440167,cfb27760-3841-4601-920c-5ddde404f51e,4,kmnist,1600,3,20100000,FALSE
771,5,100,82.43999481,-1,0.662906679,-1,100,0.007831782,525.405448,cfb27760-3841-4601-920c-5ddde404f51e,4,kmnist,1600,3,20100000,FALSE
772,0,1,10,-1,5919265.435,-1,17.5,32.47065979,18.85239315,64bf41b0-14f1-478e-b8e0-732eca794aae,4,kmnist,200,3,20100000,FALSE
773,1,21,52.63999939,-1,7.250532919,-1,100,0.012290494,68.7189672,64bf41b0-14f1-478e-b8e0-732eca794aae,4,kmnist,200,3,20100000,FALSE
774,2,41,56.57999802,-1,4.212161449,-1,100,0.002796949,119.4605668,64bf41b0-14f1-478e-b8e0-732eca794aae,4,kmnist,200,3,20100000,FALSE
775,3,61,56.63999939,-1,4.172785423,-1,100,0.001919037,170.8069239,64bf41b0-14f1-478e-b8e0-732eca794aae,4,kmnist,200,3,20100000,FALSE
776,4,81,56.55999756,-1,4.207138927,-1,100,0.00297694,221.42645,64bf41b0-14f1-478e-b8e0-732eca794aae,4,kmnist,200,3,20100000,FALSE
777,5,100,56.65999985,-1,4.176822877,-1,100,0.001522429,271.2088101,64bf41b0-14f1-478e-b8e0-732eca794aae,4,kmnist,200,3,20100000,FALSE
778,0,1,10,-1,1944468712,-1,33.75,35.46027054,19.41050458,90fec224-b815-45c1-a7d3-3da5350389d7,4,kmnist,400,3,20100000,FALSE
779,1,21,63.00999832,-1,2.546991706,-1,99.25,0.076226863,78.41804099,90fec224-b815-45c1-a7d3-3da5350389d7,4,kmnist,400,3,20100000,FALSE
780,2,41,64.34999847,-1,2.365552723,-1,99.25,0.029925616,137.5432298,90fec224-b815-45c1-a7d3-3da5350389d7,4,kmnist,400,3,20100000,FALSE
781,3,61,66.98999786,-1,2.160168967,-1,99.75,0.012137704,194.3714073,90fec224-b815-45c1-a7d3-3da5350389d7,4,kmnist,400,3,20100000,FALSE
782,4,81,67.22999573,-1,2.116100852,-1,100,0.006195973,252.2879543,90fec224-b815-45c1-a7d3-3da5350389d7,4,kmnist,400,3,20100000,FALSE
783,5,100,67.18000031,-1,2.086559253,-1,100,0.006745813,309.1005924,90fec224-b815-45c1-a7d3-3da5350389d7,4,kmnist,400,3,20100000,FALSE
784,0,1,10,-1,1373806.248,-1,28,39.9851458,20.25547171,2b337709-2bd1-474c-b9d8-b2066c2a599b,4,kmnist,800,3,20100000,FALSE
785,1,21,73.33999634,-1,1.089918876,-1,100,0.015024746,94.60941434,2b337709-2bd1-474c-b9d8-b2066c2a599b,4,kmnist,800,3,20100000,FALSE
786,2,41,74.36999512,-1,1.105970624,-1,100,0.01135118,169.305007,2b337709-2bd1-474c-b9d8-b2066c2a599b,4,kmnist,800,3,20100000,FALSE
787,3,61,74.79999542,-1,1.085868126,-1,100,0.006869069,241.7384057,2b337709-2bd1-474c-b9d8-b2066c2a599b,4,kmnist,800,3,20100000,FALSE
788,4,81,74.93000031,-1,1.069544997,-1,100,0.007145168,315.3338618,2b337709-2bd1-474c-b9d8-b2066c2a599b,4,kmnist,800,3,20100000,FALSE
789,5,100,74.97000122,-1,1.069739499,-1,100,0.006289191,388.9668336,2b337709-2bd1-474c-b9d8-b2066c2a599b,4,kmnist,800,3,20100000,FALSE
790,0,1,57.42688751,-1,3500.487728,-1,42,20.7020874,49.54489946,645d6422-053c-4d1b-80d1-227558d9880b,8,celeba,100,3,20100000,TRUE
791,1,21,68.67669678,-1,327.544149,-1,95,0.061828155,134.0585098,645d6422-053c-4d1b-80d1-227558d9880b,8,celeba,100,3,20100000,TRUE
792,2,41,83.02209473,-1,7.498033733,-1,98,0.046845317,218.6750278,645d6422-053c-4d1b-80d1-227558d9880b,8,celeba,100,3,20100000,TRUE
793,3,61,83.28887177,-1,4.110917222,-1,99,0.031285439,303.3566918,645d6422-053c-4d1b-80d1-227558d9880b,8,celeba,100,3,20100000,TRUE
794,4,81,83.39457703,-1,3.903724994,-1,99,0.03103481,390.6691256,645d6422-053c-4d1b-80d1-227558d9880b,8,celeba,100,3,20100000,TRUE
795,5,100,83.37444305,-1,3.955706465,-1,100,0.019444287,474.7980533,645d6422-053c-4d1b-80d1-227558d9880b,8,celeba,100,3,20100000,TRUE
796,0,1,42.57311249,-1,1524.076871,-1,71.75,19.42950711,37.46062779,ea032879-28d7-4a52-8cde-9b66161163b0,8,celeba,1600,3,20100000,TRUE
797,1,21,91.82061005,-1,0.207764545,-1,93.625,0.163599655,178.2108793,ea032879-28d7-4a52-8cde-9b66161163b0,8,celeba,1600,3,20100000,TRUE
798,2,41,92.33402252,-1,0.200040421,-1,97.25,0.08661038,318.600008,ea032879-28d7-4a52-8cde-9b66161163b0,8,celeba,1600,3,20100000,TRUE
799,3,61,92.24845123,-1,0.203085317,-1,97.75,0.074311391,460.6032889,ea032879-28d7-4a52-8cde-9b66161163b0,8,celeba,1600,3,20100000,TRUE
800,4,81,92.21825409,-1,0.204330589,-1,98,0.070897515,597.5767946,ea032879-28d7-4a52-8cde-9b66161163b0,8,celeba,1600,3,20100000,TRUE
801,5,100,92.17798615,-1,0.204323422,-1,97.6875,0.071070169,729.9213676,ea032879-28d7-4a52-8cde-9b66161163b0,8,celeba,1600,3,20100000,TRUE
802,0,1,42.57311249,-1,795712508.3,-1,48.5,38.39563934,35.29924607,01f73300-33a4-402d-a229-c4a41deb9d2a,8,celeba,200,3,20100000,TRUE
803,1,21,82.90632629,-1,1.953216905,-1,93.5,0.143016566,126.8368685,01f73300-33a4-402d-a229-c4a41deb9d2a,8,celeba,200,3,20100000,TRUE
804,2,41,85.18145752,-1,0.81006627,-1,98.5,0.069378672,220.4001732,01f73300-33a4-402d-a229-c4a41deb9d2a,8,celeba,200,3,20100000,TRUE
805,3,61,85.30226135,-1,0.845750175,-1,98,0.076067134,312.6162851,01f73300-33a4-402d-a229-c4a41deb9d2a,8,celeba,200,3,20100000,TRUE
806,4,81,85.32239532,-1,0.793159117,-1,98,0.089460217,404.4162681,01f73300-33a4-402d-a229-c4a41deb9d2a,8,celeba,200,3,20100000,TRUE
807,5,100,85.35259247,-1,0.812537677,-1,96.5,0.088987871,494.4142971,01f73300-33a4-402d-a229-c4a41deb9d2a,8,celeba,200,3,20100000,TRUE
808,0,1,45.92036819,-1,173.5593424,-1,75.3125,9.571206709,41.83320403,8c37c340-8391-4c4d-82dd-a53d589426fb,8,celeba,3200,3,20100000,TRUE
809,1,11,92.24341583,-1,0.191683026,-1,91.8125,0.202502712,154.8580198,8c37c340-8391-4c4d-82dd-a53d589426fb,8,celeba,3200,3,20100000,TRUE
810,2,21,91.92127228,-1,0.206946007,-1,94.03125,0.155997831,271.2619021,8c37c340-8391-4c4d-82dd-a53d589426fb,8,celeba,3200,3,20100000,TRUE
811,3,31,93.46151733,-1,0.170442248,-1,95.375,0.119559107,388.0781775,8c37c340-8391-4c4d-82dd-a53d589426fb,8,celeba,3200,3,20100000,TRUE
812,4,41,90.50183868,-1,0.290919203,-1,97.0625,0.079810746,509.0788796,8c37c340-8391-4c4d-82dd-a53d589426fb,8,celeba,3200,3,20100000,TRUE
813,5,51,93.65279388,-1,0.180374999,-1,97.9375,0.052996474,624.0572042,8c37c340-8391-4c4d-82dd-a53d589426fb,8,celeba,3200,3,20100000,TRUE
814,6,61,93.92459869,-1,0.180397517,-1,98.9375,0.041209044,737.3939652,8c37c340-8391-4c4d-82dd-a53d589426fb,8,celeba,3200,3,20100000,TRUE
815,7,71,93.82392883,-1,0.183986311,-1,98.84375,0.037797783,851.447608,8c37c340-8391-4c4d-82dd-a53d589426fb,8,celeba,3200,3,20100000,TRUE
816,8,81,93.92459869,-1,0.187210255,-1,99.0625,0.032827574,968.3160653,8c37c340-8391-4c4d-82dd-a53d589426fb,8,celeba,3200,3,20100000,TRUE
817,9,91,93.92963409,-1,0.191401799,-1,99,0.033067659,1087.322011,8c37c340-8391-4c4d-82dd-a53d589426fb,8,celeba,3200,3,20100000,TRUE
818,10,101,93.78366089,-1,0.200224281,-1,99.09375,0.028594336,1206.292365,8c37c340-8391-4c4d-82dd-a53d589426fb,8,celeba,3200,3,20100000,TRUE
819,11,111,93.95479584,-1,0.194987298,-1,99.125,0.028140619,1318.123238,8c37c340-8391-4c4d-82dd-a53d589426fb,8,celeba,3200,3,20100000,TRUE
820,12,121,93.90446472,-1,0.194959059,-1,98.90625,0.032717009,1433.831324,8c37c340-8391-4c4d-82dd-a53d589426fb,8,celeba,3200,3,20100000,TRUE
821,13,131,93.86923218,-1,0.195485266,-1,99.21875,0.026974629,1547.670604,8c37c340-8391-4c4d-82dd-a53d589426fb,8,celeba,3200,3,20100000,TRUE
822,14,141,93.82896423,-1,0.197673256,-1,99.34375,0.025107233,1662.289679,8c37c340-8391-4c4d-82dd-a53d589426fb,8,celeba,3200,3,20100000,TRUE
823,15,150,93.91452789,-1,0.196706942,-1,99.34375,0.025005144,1769.927756,8c37c340-8391-4c4d-82dd-a53d589426fb,8,celeba,3200,3,20100000,TRUE
824,0,1,42.57311249,-1,694232930.8,-1,51.25,64.21999321,35.61876941,a4bafe72-f13a-4430-ae46-c24b7843f19f,8,celeba,400,3,20100000,TRUE
825,1,21,86.22338104,-1,0.373870368,-1,89.5,0.275374928,132.0215561,a4bafe72-f13a-4430-ae46-c24b7843f19f,8,celeba,400,3,20100000,TRUE
826,2,41,86.58579254,-1,0.415707917,-1,93,0.192521452,232.2324057,a4bafe72-f13a-4430-ae46-c24b7843f19f,8,celeba,400,3,20100000,TRUE
827,3,61,87.08410645,-1,0.329095344,-1,92,0.215974128,332.1234152,a4bafe72-f13a-4430-ae46-c24b7843f19f,8,celeba,400,3,20100000,TRUE
828,4,81,86.89283752,-1,0.373163243,-1,93,0.188553367,430.5441868,a4bafe72-f13a-4430-ae46-c24b7843f19f,8,celeba,400,3,20100000,TRUE
829,5,100,87.25524902,-1,0.351434479,-1,93.25,0.167283745,524.8201571,a4bafe72-f13a-4430-ae46-c24b7843f19f,8,celeba,400,3,20100000,TRUE
830,0,1,88.90119171,-1,0.278718565,-1,80.515625,5.869340977,48.23103452,c283b191-cbf8-4128-bce5-f97875850ee6,8,celeba,6400,3,20100000,TRUE
831,1,11,93.16957855,-1,0.164990435,-1,91.375,0.207457424,216.3634958,c283b191-cbf8-4128-bce5-f97875850ee6,8,celeba,6400,3,20100000,TRUE
832,2,21,90.45149994,-1,0.232654702,-1,94.390625,0.138215529,386.9041944,c283b191-cbf8-4128-bce5-f97875850ee6,8,celeba,6400,3,20100000,TRUE
833,3,31,94.0605011,-1,0.148298425,-1,95.359375,0.120089664,559.6770968,c283b191-cbf8-4128-bce5-f97875850ee6,8,celeba,6400,3,20100000,TRUE
834,4,41,90.52700043,-1,0.290916897,-1,96.953125,0.078407833,730.4497757,c283b191-cbf8-4128-bce5-f97875850ee6,8,celeba,6400,3,20100000,TRUE
835,5,51,94.58901978,-1,0.153526612,-1,97.890625,0.05765303,900.3945019,c283b191-cbf8-4128-bce5-f97875850ee6,8,celeba,6400,3,20100000,TRUE
836,6,61,94.62928772,-1,0.179025306,-1,99.171875,0.025370178,1073.173053,c283b191-cbf8-4128-bce5-f97875850ee6,8,celeba,6400,3,20100000,TRUE
837,7,71,94.57391357,-1,0.198560614,-1,99.453125,0.017806707,1243.825431,c283b191-cbf8-4128-bce5-f97875850ee6,8,celeba,6400,3,20100000,TRUE
838,8,81,94.57391357,-1,0.197381412,-1,99.71875,0.014180347,1410.129866,c283b191-cbf8-4128-bce5-f97875850ee6,8,celeba,6400,3,20100000,TRUE
839,9,91,94.57391357,-1,0.216755579,-1,99.578125,0.011826696,1581.507037,c283b191-cbf8-4128-bce5-f97875850ee6,8,celeba,6400,3,20100000,TRUE
840,10,101,94.9161911,-1,0.206631771,-1,99.75,0.008188253,1752.446204,c283b191-cbf8-4128-bce5-f97875850ee6,8,celeba,6400,3,20100000,TRUE
841,11,111,94.9262619,-1,0.208256941,-1,99.8125,0.007047566,1925.2236,c283b191-cbf8-4128-bce5-f97875850ee6,8,celeba,6400,3,20100000,TRUE
842,12,121,94.87088776,-1,0.209185333,-1,99.875,0.005454661,2098.641021,c283b191-cbf8-4128-bce5-f97875850ee6,8,celeba,6400,3,20100000,TRUE
843,13,131,94.84572601,-1,0.212045122,-1,99.875,0.005618546,2276.918681,c283b191-cbf8-4128-bce5-f97875850ee6,8,celeba,6400,3,20100000,TRUE
844,14,141,94.80545807,-1,0.212491354,-1,99.828125,0.00632918,2445.620108,c283b191-cbf8-4128-bce5-f97875850ee6,8,celeba,6400,3,20100000,TRUE
845,15,150,94.86585999,-1,0.214187398,-1,99.828125,0.005882216,2605.725152,c283b191-cbf8-4128-bce5-f97875850ee6,8,celeba,6400,3,20100000,TRUE
846,0,1,70.78069305,-1,59656.29619,-1,62.625,44.77864956,35.83866501,c89cbe4e-195a-4f57-9a8f-b89618f902aa,8,celeba,800,3,20100000,TRUE
847,1,21,88.94145966,-1,0.28156449,-1,91.125,0.223581488,153.6651766,c89cbe4e-195a-4f57-9a8f-b89618f902aa,8,celeba,800,3,20100000,TRUE
848,2,41,89.75688171,-1,0.262161546,-1,95.375,0.136635986,269.4842942,c89cbe4e-195a-4f57-9a8f-b89618f902aa,8,celeba,800,3,20100000,TRUE
849,3,61,89.7065506,-1,0.273380161,-1,96.375,0.115756425,386.1683443,c89cbe4e-195a-4f57-9a8f-b89618f902aa,8,celeba,800,3,20100000,TRUE
850,4,81,89.87265015,-1,0.257710948,-1,96.125,0.118159737,502.8539233,c89cbe4e-195a-4f57-9a8f-b89618f902aa,8,celeba,800,3,20100000,TRUE
851,5,100,89.8474884,-1,0.266791643,-1,96.75,0.108438965,611.4805481,c89cbe4e-195a-4f57-9a8f-b89618f902aa,8,celeba,800,3,20100000,TRUE
852,0,1,19.92000008,-1,145.4352582,-1,6,20.70851517,18.04990697,1cd1c209-b57e-43ce-9b87-47344a830ef5,8,kmnist,100,3,20100000,FALSE
853,1,21,10.31999969,-1,541.9314161,-1,100,0.013473389,63.42459226,1cd1c209-b57e-43ce-9b87-47344a830ef5,8,kmnist,100,3,20100000,FALSE
854,2,41,44.23999786,-1,6.107099812,-1,100,0.002360298,108.2540569,1cd1c209-b57e-43ce-9b87-47344a830ef5,8,kmnist,100,3,20100000,FALSE
855,3,61,47.45999908,-1,4.662520652,-1,100,0.001136747,153.9075768,1cd1c209-b57e-43ce-9b87-47344a830ef5,8,kmnist,100,3,20100000,FALSE
856,4,81,47.5399971,-1,4.607223913,-1,100,0.000971214,199.6443372,1cd1c209-b57e-43ce-9b87-47344a830ef5,8,kmnist,100,3,20100000,FALSE
857,5,100,47.57999802,-1,4.601637814,-1,100,0.000946951,243.176971,1cd1c209-b57e-43ce-9b87-47344a830ef5,8,kmnist,100,3,20100000,FALSE
858,0,1,13.38000011,-1,24978.84463,-1,41.5,18.68380234,21.00201321,84b19dad-3388-4a85-924e-9b17aac8200e,8,kmnist,1600,3,20100000,FALSE
859,1,21,82.33999634,-1,0.748480036,-1,100,0.015050619,118.3136427,84b19dad-3388-4a85-924e-9b17aac8200e,8,kmnist,1600,3,20100000,FALSE
860,2,41,83.37999725,-1,0.718641536,-1,100,0.008730676,216.0409305,84b19dad-3388-4a85-924e-9b17aac8200e,8,kmnist,1600,3,20100000,FALSE
861,3,61,83.54999542,-1,0.704826428,-1,100,0.00822097,313.4310036,84b19dad-3388-4a85-924e-9b17aac8200e,8,kmnist,1600,3,20100000,FALSE
862,4,81,83.61999512,-1,0.701223315,-1,100,0.00860773,410.6591568,84b19dad-3388-4a85-924e-9b17aac8200e,8,kmnist,1600,3,20100000,FALSE
863,5,100,83.54000092,-1,0.707903253,-1,100,0.008001501,503.6511595,84b19dad-3388-4a85-924e-9b17aac8200e,8,kmnist,1600,3,20100000,FALSE
864,0,1,10,-1,1863927.811,-1,16,27.08646042,18.53793764,0ffa9abc-30d7-46a0-8c21-2f796c4654c2,8,kmnist,200,3,20100000,FALSE
865,1,21,56.18999863,-1,4.211718795,-1,99.5,0.014178341,67.71255326,0ffa9abc-30d7-46a0-8c21-2f796c4654c2,8,kmnist,200,3,20100000,FALSE
866,2,41,60.88999939,-1,3.018689164,-1,100,0.002255127,116.8464184,0ffa9abc-30d7-46a0-8c21-2f796c4654c2,8,kmnist,200,3,20100000,FALSE
867,3,61,61.40999985,-1,2.925011411,-1,100,0.001953314,166.2065914,0ffa9abc-30d7-46a0-8c21-2f796c4654c2,8,kmnist,200,3,20100000,FALSE
868,4,81,61.56999969,-1,2.917357317,-1,100,0.002070805,215.4969902,0ffa9abc-30d7-46a0-8c21-2f796c4654c2,8,kmnist,200,3,20100000,FALSE
869,5,100,61.48999786,-1,2.917721609,-1,100,0.00185803,263.0363901,0ffa9abc-30d7-46a0-8c21-2f796c4654c2,8,kmnist,200,3,20100000,FALSE
870,0,1,10,-1,18196312.54,-1,34.5,30.39007355,18.84514236,1ac48239-35ab-4fc1-87c1-8b72b644137b,8,kmnist,400,3,20100000,FALSE
871,1,21,64.69999695,-1,5.985401989,-1,99.5,0.13191767,74.5098114,1ac48239-35ab-4fc1-87c1-8b72b644137b,8,kmnist,400,3,20100000,FALSE
872,2,41,64.47000122,-1,3.53998505,-1,99,0.04299837,130.4424124,1ac48239-35ab-4fc1-87c1-8b72b644137b,8,kmnist,400,3,20100000,FALSE
873,3,61,66.81999969,-1,3.182012552,-1,99.5,0.03371635,186.3022971,1ac48239-35ab-4fc1-87c1-8b72b644137b,8,kmnist,400,3,20100000,FALSE
874,4,81,66.83999634,-1,2.878074445,-1,100,0.005036106,242.5564747,1ac48239-35ab-4fc1-87c1-8b72b644137b,8,kmnist,400,3,20100000,FALSE
875,5,100,67.34999847,-1,2.98129186,-1,100,0.005526038,297.2800286,1ac48239-35ab-4fc1-87c1-8b72b644137b,8,kmnist,400,3,20100000,FALSE
876,0,1,12.14999962,-1,316330.6074,-1,38.625,22.65605104,19.53857231,078e8947-c8e1-4971-bef9-2a3854e7ba92,8,kmnist,800,3,20100000,FALSE
877,1,21,76.47999573,-1,1.156312474,-1,100,0.007637894,89.83073545,078e8947-c8e1-4971-bef9-2a3854e7ba92,8,kmnist,800,3,20100000,FALSE
878,2,41,77.09999847,-1,1.076203382,-1,99.875,0.00645232,160.1169832,078e8947-c8e1-4971-bef9-2a3854e7ba92,8,kmnist,800,3,20100000,FALSE
879,3,61,77.25999451,-1,1.05170675,-1,100,0.003558802,230.4764581,078e8947-c8e1-4971-bef9-2a3854e7ba92,8,kmnist,800,3,20100000,FALSE
880,4,81,77.45999908,-1,1.041568117,-1,100,0.003432586,300.4617095,078e8947-c8e1-4971-bef9-2a3854e7ba92,8,kmnist,800,3,20100000,FALSE
881,5,100,77.44999695,-1,1.041104756,-1,100,0.003132897,367.7376127,078e8947-c8e1-4971-bef9-2a3854e7ba92,8,kmnist,800,3,20100000,FALSE
882,0,1,27.59999847,-1,465.7925458,-1,3,26.98980141,70.07443476,86e29e20-d0d8-48c6-ad09-c5d0ebdcdd84,4,cifar10,100,3,20100000,FALSE
883,1,21,23.73999977,-1,279.3353011,-1,99,0.040907469,171.6392658,86e29e20-d0d8-48c6-ad09-c5d0ebdcdd84,4,cifar10,100,3,20100000,FALSE
884,2,41,54.5,-1,13.90629063,-1,100,0.002245188,271.9887538,86e29e20-d0d8-48c6-ad09-c5d0ebdcdd84,4,cifar10,100,3,20100000,FALSE
885,3,61,56.37999725,-1,9.494197937,-1,99,0.024802798,373.4797633,86e29e20-d0d8-48c6-ad09-c5d0ebdcdd84,4,cifar10,100,3,20100000,FALSE
886,4,81,55.98999786,-1,9.477676566,-1,100,0.002201538,474.9161525,86e29e20-d0d8-48c6-ad09-c5d0ebdcdd84,4,cifar10,100,3,20100000,FALSE
887,5,100,56.0399971,-1,9.599707741,-1,99,0.093776368,573.6302273,86e29e20-d0d8-48c6-ad09-c5d0ebdcdd84,4,cifar10,100,3,20100000,FALSE
888,0,1,10,-1,2787820.03,-1,26.49999619,25.96023506,71.57669401,3b135e8e-8dd9-444a-a5b1-5a7fa2c48871,4,cifar10,200,3,20100000,FALSE
889,1,21,57.34000015,-1,6.816587,-1,98.5,0.078310903,197.4654691,3b135e8e-8dd9-444a-a5b1-5a7fa2c48871,4,cifar10,200,3,20100000,FALSE
890,2,41,65.01000214,-1,3.63075779,-1,100,0.010809896,323.7270422,3b135e8e-8dd9-444a-a5b1-5a7fa2c48871,4,cifar10,200,3,20100000,FALSE
891,3,61,65.48999786,-1,3.876113466,-1,100,0.010687442,449.9832697,3b135e8e-8dd9-444a-a5b1-5a7fa2c48871,4,cifar10,200,3,20100000,FALSE
892,4,81,65.48999786,-1,3.697975786,-1,99,0.052243852,575.9499011,3b135e8e-8dd9-444a-a5b1-5a7fa2c48871,4,cifar10,200,3,20100000,FALSE
893,5,100,65.43000031,-1,3.805798008,-1,99,0.017761437,697.673085,3b135e8e-8dd9-444a-a5b1-5a7fa2c48871,4,cifar10,200,3,20100000,FALSE
894,0,1,10,-1,272602489.3,-1,31.75,44.76569656,73.3943367,ac088087-62eb-4343-b101-8d823fbce2b2,4,cifar10,400,3,20100000,FALSE
895,1,21,67.11000061,-1,1.895834641,-1,89.75,0.327005864,238.6877291,ac088087-62eb-4343-b101-8d823fbce2b2,4,cifar10,400,3,20100000,FALSE
896,2,41,71.40999603,-1,1.50477185,-1,99.5,0.037538805,403.6309583,ac088087-62eb-4343-b101-8d823fbce2b2,4,cifar10,400,3,20100000,FALSE
897,3,61,73.02999878,-1,1.454792925,-1,100,0.028002243,568.5455618,ac088087-62eb-4343-b101-8d823fbce2b2,4,cifar10,400,3,20100000,FALSE
898,4,81,72.18999481,-1,1.450363592,-1,97.75,0.057910208,733.7847779,ac088087-62eb-4343-b101-8d823fbce2b2,4,cifar10,400,3,20100000,FALSE
899,5,100,72.98999786,-1,1.349557838,-1,99.5,0.031498427,893.4578137,ac088087-62eb-4343-b101-8d823fbce2b2,4,cifar10,400,3,20100000,FALSE
900,0,1,10,-1,5657153.969,-1,20.5,25.9585582,71.83570004,835fde77-56b5-472c-88c6-a55811d3a5af,8,cifar10,200,3,20100000,FALSE
901,1,21,58.37999725,-1,6.806022162,-1,99.5,0.036667412,197.806432,835fde77-56b5-472c-88c6-a55811d3a5af,8,cifar10,200,3,20100000,FALSE
902,2,41,61.91999817,-1,3.663484276,-1,99,0.021776726,323.8897402,835fde77-56b5-472c-88c6-a55811d3a5af,8,cifar10,200,3,20100000,FALSE
903,3,61,62.25,-1,3.659058032,-1,99.5,0.019765954,450.1101372,835fde77-56b5-472c-88c6-a55811d3a5af,8,cifar10,200,3,20100000,FALSE
904,4,81,62.27999878,-1,3.587165044,-1,100,0.011510825,576.0436978,835fde77-56b5-472c-88c6-a55811d3a5af,8,cifar10,200,3,20100000,FALSE
905,5,100,62.31999969,-1,3.662169273,-1,100,0.008704557,699.304868,835fde77-56b5-472c-88c6-a55811d3a5af,8,cifar10,200,3,20100000,FALSE
906,0,1,17.82999992,-1,703.8468444,-1,5,25.40269089,70.31009722,440855e0-51ec-44cd-94f3-b171ec04b065,8,cifar10,100,3,20100000,FALSE
907,1,21,12.00999928,-1,282.0017409,-1,99,0.020259209,172.0271795,440855e0-51ec-44cd-94f3-b171ec04b065,8,cifar10,100,3,20100000,FALSE
908,2,41,54.23999786,-1,8.726664572,-1,100,0.012920236,272.5474219,440855e0-51ec-44cd-94f3-b171ec04b065,8,cifar10,100,3,20100000,FALSE
909,3,61,54.30999756,-1,7.149859912,-1,100,0.006087742,373.8256898,440855e0-51ec-44cd-94f3-b171ec04b065,8,cifar10,100,3,20100000,FALSE
910,4,81,54.31999969,-1,7.071898327,-1,100,0.00198123,475.6159866,440855e0-51ec-44cd-94f3-b171ec04b065,8,cifar10,100,3,20100000,FALSE
911,5,100,54.34999847,-1,7.031961882,-1,100,0.002153215,575.439662,440855e0-51ec-44cd-94f3-b171ec04b065,8,cifar10,100,3,20100000,FALSE
912,0,1,10,-1,608003826.4,-1,29.25,30.12220978,73.20532656,1bfee101-ecdd-43e1-befd-9368da1fd752,8,cifar10,400,3,20100000,FALSE
913,1,21,64.65999603,-1,1.72267975,-1,92.5,0.268588161,236.0355997,1bfee101-ecdd-43e1-befd-9368da1fd752,8,cifar10,400,3,20100000,FALSE
914,2,41,67.20999908,-1,2.0267956,-1,96.75,0.396624649,399.392446,1bfee101-ecdd-43e1-befd-9368da1fd752,8,cifar10,400,3,20100000,FALSE
915,3,61,69.12999725,-1,1.788604091,-1,99,0.047523959,562.5990477,1bfee101-ecdd-43e1-befd-9368da1fd752,8,cifar10,400,3,20100000,FALSE
916,4,81,68.48999786,-1,1.749142411,-1,99.25,0.038406469,726.1988382,1bfee101-ecdd-43e1-befd-9368da1fd752,8,cifar10,400,3,20100000,FALSE
917,5,100,69.20999908,-1,1.694225225,-1,99.5,0.040854096,884.3388555,1bfee101-ecdd-43e1-befd-9368da1fd752,8,cifar10,400,3,20100000,FALSE
918,0,1,9,-1,2192580.166,-1,34.625,36.02777287,75.15209293,d1eb96fe-eaf7-486b-9df8-5df45fa0a202,4,cifar10,800,3,20100000,FALSE
919,1,21,74.62999725,-1,1.067994162,-1,96,0.258721001,311.3234437,d1eb96fe-eaf7-486b-9df8-5df45fa0a202,4,cifar10,800,3,20100000,FALSE
920,2,41,78.83999634,-1,0.844958484,-1,99.5,0.035554569,548.897001,d1eb96fe-eaf7-486b-9df8-5df45fa0a202,4,cifar10,800,3,20100000,FALSE
921,3,61,79.65999603,-1,0.779758364,-1,99.625,0.025703618,786.5360596,d1eb96fe-eaf7-486b-9df8-5df45fa0a202,4,cifar10,800,3,20100000,FALSE
922,4,81,79.18999481,-1,0.814386165,-1,100,0.018843516,1024.462242,d1eb96fe-eaf7-486b-9df8-5df45fa0a202,4,cifar10,800,3,20100000,FALSE
923,5,100,79.30999756,-1,0.807846686,-1,99.75,0.026855307,1252.731277,d1eb96fe-eaf7-486b-9df8-5df45fa0a202,4,cifar10,800,3,20100000,FALSE
924,0,1,14.63999939,-1,428123.1808,-1,33.75,24.14068714,76.67051029,2688b6e5-5853-4bde-8378-df59c6208334,8,cifar10,800,3,20100000,FALSE
925,1,21,73.48999786,-1,1.152855358,-1,95.375,0.349515367,314.3456728,2688b6e5-5853-4bde-8378-df59c6208334,8,cifar10,800,3,20100000,FALSE
926,2,41,76.08000183,-1,1.026705297,-1,99.125,0.12118368,551.6999602,2688b6e5-5853-4bde-8378-df59c6208334,8,cifar10,800,3,20100000,FALSE
927,3,61,76.15999603,-1,1.006137491,-1,99.625,0.025078976,788.9282746,2688b6e5-5853-4bde-8378-df59c6208334,8,cifar10,800,3,20100000,FALSE
928,4,81,76.15999603,-1,1.009134697,-1,99.75,0.019600636,1027.149262,2688b6e5-5853-4bde-8378-df59c6208334,8,cifar10,800,3,20100000,FALSE
929,5,100,76.19999695,-1,1.003879878,-1,99.875,0.028172188,1255.068206,2688b6e5-5853-4bde-8378-df59c6208334,8,cifar10,800,3,20100000,FALSE
930,0,1,13.50999928,-1,5554.47302,-1,44.3125,21.9855497,84.12604022,8f7b7f12-a711-4b44-b056-38d79f45a5aa,4,cifar10,1600,3,20100000,FALSE
931,1,21,81.15000153,-1,0.836083575,-1,97.75,0.144937935,464.0147483,8f7b7f12-a711-4b44-b056-38d79f45a5aa,4,cifar10,1600,3,20100000,FALSE
932,2,41,83.97000122,-1,0.614604004,-1,99.6875,0.026815673,844.396879,8f7b7f12-a711-4b44-b056-38d79f45a5aa,4,cifar10,1600,3,20100000,FALSE
933,3,61,83.79000092,-1,0.617943311,-1,99.75,0.023389366,1224.381508,8f7b7f12-a711-4b44-b056-38d79f45a5aa,4,cifar10,1600,3,20100000,FALSE
934,4,81,83.97999573,-1,0.606124479,-1,99.9375,0.022807798,1602.968287,8f7b7f12-a711-4b44-b056-38d79f45a5aa,4,cifar10,1600,3,20100000,FALSE
935,5,100,83.47999573,-1,0.620980995,-1,99.6875,0.023618545,1967.18486,8f7b7f12-a711-4b44-b056-38d79f45a5aa,4,cifar10,1600,3,20100000,FALSE
936,0,1,10.38000011,-1,3652.891296,-1,41.125,15.14246351,84.0470376,64105a38-aa95-493f-ba8a-a632d2fa06e5,8,cifar10,1600,3,20100000,FALSE
937,1,21,78.93999481,-1,0.811313128,-1,98.4375,0.08978303,463.4048831,64105a38-aa95-493f-ba8a-a632d2fa06e5,8,cifar10,1600,3,20100000,FALSE
938,2,41,80.93999481,-1,0.751822192,-1,99.875,0.026404163,842.8654313,64105a38-aa95-493f-ba8a-a632d2fa06e5,8,cifar10,1600,3,20100000,FALSE
939,3,61,81.12999725,-1,0.716053455,-1,99.8125,0.031425682,1222.541513,64105a38-aa95-493f-ba8a-a632d2fa06e5,8,cifar10,1600,3,20100000,FALSE
940,4,81,81.02999878,-1,0.711512677,-1,99.9375,0.019840619,1599.285015,64105a38-aa95-493f-ba8a-a632d2fa06e5,8,cifar10,1600,3,20100000,FALSE
941,5,100,81.23999786,-1,0.711578156,-1,99.875,0.022282734,1957.872572,64105a38-aa95-493f-ba8a-a632d2fa06e5,8,cifar10,1600,3,20100000,FALSE
942,0,1,24.84000015,-1,97.69311522,-1,14,23.47191429,64.91153836,39af574d-416c-4a83-a709-b47bfac28151,3,cifar10,100,3,20100000,FALSE
943,1,21,31.9299984,-1,251.8219078,-1,99,0.007645359,161.1361477,39af574d-416c-4a83-a709-b47bfac28151,3,cifar10,100,3,20100000,FALSE
944,2,41,55.44999695,-1,13.78223543,-1,99,0.045001049,257.8758688,39af574d-416c-4a83-a709-b47bfac28151,3,cifar10,100,3,20100000,FALSE
945,3,61,57.45999908,-1,9.72980166,-1,100,0.00167717,354.9209392,39af574d-416c-4a83-a709-b47bfac28151,3,cifar10,100,3,20100000,FALSE
946,4,81,57.47999954,-1,9.466461417,-1,100,0.000106373,451.7317131,39af574d-416c-4a83-a709-b47bfac28151,3,cifar10,100,3,20100000,FALSE
947,5,100,57.47999954,-1,9.421585569,-1,100,0.000379963,545.7969055,39af574d-416c-4a83-a709-b47bfac28151,3,cifar10,100,3,20100000,FALSE
948,0,1,28.70999908,-1,81.74602058,-1,11,18.13092232,63.33665609,6d2fb0de-be9a-4313-aaf5-9789882f5e4b,3,kmnist,100,3,20100000,FALSE
949,1,21,20.05999947,-1,705.370474,-1,100,0.001329384,150.8669345,6d2fb0de-be9a-4313-aaf5-9789882f5e4b,3,kmnist,100,3,20100000,FALSE
950,2,41,39.07999802,-1,15.91475827,-1,100,0.000301714,237.3707838,6d2fb0de-be9a-4313-aaf5-9789882f5e4b,3,kmnist,100,3,20100000,FALSE
951,3,61,48.61000061,-1,8.047399413,-1,100,0.000239477,324.9184179,6d2fb0de-be9a-4313-aaf5-9789882f5e4b,3,kmnist,100,3,20100000,FALSE
952,4,81,50.56999969,-1,7.147050812,-1,100,0.000224266,412.3973081,6d2fb0de-be9a-4313-aaf5-9789882f5e4b,3,kmnist,100,3,20100000,FALSE
953,5,100,50.75,-1,7.054503043,-1,100,0.000221157,498.6841536,6d2fb0de-be9a-4313-aaf5-9789882f5e4b,3,kmnist,100,3,20100000,FALSE
954,0,1,10,-1,1161145.984,-1,33,29.68471252,84.88971829,d504de90-fa04-4c98-ad04-41875100789a,3,kmnist,400,3,20100000,FALSE
955,1,21,62.15999985,-1,3.138245984,-1,96,0.095622938,263.419945,d504de90-fa04-4c98-ad04-41875100789a,3,kmnist,400,3,20100000,FALSE
956,2,41,67.58999634,-1,3.158245922,-1,99.5,0.010728304,441.753994,d504de90-fa04-4c98-ad04-41875100789a,3,kmnist,400,3,20100000,FALSE
957,3,61,68.86000061,-1,2.94982879,-1,100,0.001522382,620.0929685,d504de90-fa04-4c98-ad04-41875100789a,3,kmnist,400,3,20100000,FALSE
958,4,81,69.11000061,-1,2.959094086,-1,100,0.000758405,798.0662436,d504de90-fa04-4c98-ad04-41875100789a,3,kmnist,400,3,20100000,FALSE
959,5,100,69,-1,2.895250204,-1,100,0.000855623,971.8112812,d504de90-fa04-4c98-ad04-41875100789a,3,kmnist,400,3,20100000,FALSE
960,0,1,10,-1,57780385.15,-1,32.75,30.83934784,67.92384887,8ea80522-4313-4da7-bbab-e0b9b8e654ea,3,cifar10,400,3,20100000,FALSE
961,1,21,59.94999695,-1,2.577763874,-1,92.5,0.218935502,223.8738861,8ea80522-4313-4da7-bbab-e0b9b8e654ea,3,cifar10,400,3,20100000,FALSE
962,2,41,71.29000092,-1,1.889599572,-1,99,0.02596218,379.9057868,8ea80522-4313-4da7-bbab-e0b9b8e654ea,3,cifar10,400,3,20100000,FALSE
963,3,61,71.16999817,-1,1.861807824,-1,99.25,0.017066157,537.2449534,8ea80522-4313-4da7-bbab-e0b9b8e654ea,3,cifar10,400,3,20100000,FALSE
964,4,81,71.41999817,-1,1.771248651,-1,99.75,0.015033379,693.3779309,8ea80522-4313-4da7-bbab-e0b9b8e654ea,3,cifar10,400,3,20100000,FALSE
965,5,100,71.83999634,-1,1.735742665,-1,100,0.009627495,846.733211,8ea80522-4313-4da7-bbab-e0b9b8e654ea,3,cifar10,400,3,20100000,FALSE
966,0,1,10,-1,1438054.423,-1,34.75,25.82280968,70.91086316,8cba405d-a380-435a-8ea4-aeae74112c8b,3,kmnist,800,3,20100000,FALSE
967,1,21,76.08999634,-1,1.029269188,-1,99.875,0.028380622,285.0935154,8cba405d-a380-435a-8ea4-aeae74112c8b,3,kmnist,800,3,20100000,FALSE
968,2,41,77.04000092,-1,1.040752102,-1,100,0.005891166,499.7550013,8cba405d-a380-435a-8ea4-aeae74112c8b,3,kmnist,800,3,20100000,FALSE
969,3,61,77.11999512,-1,0.998144284,-1,100,0.006237187,714.2220049,8cba405d-a380-435a-8ea4-aeae74112c8b,3,kmnist,800,3,20100000,FALSE
970,4,81,77.19999695,-1,1.000788018,-1,99.875,0.008402052,929.8399475,8cba405d-a380-435a-8ea4-aeae74112c8b,3,kmnist,800,3,20100000,FALSE
971,5,100,77.15999603,-1,1.016092613,-1,100,0.005107148,1137.409014,8cba405d-a380-435a-8ea4-aeae74112c8b,3,kmnist,800,3,20100000,FALSE
972,0,1,10,-1,490947.6204,-1,44,22.06671257,72.07123232,45c29d59-c5ca-424f-a406-6a4c2ca4cde2,3,cifar10,800,3,20100000,FALSE
973,1,21,78.69999695,-1,1.038599901,-1,98.125,0.116010147,297.8673246,45c29d59-c5ca-424f-a406-6a4c2ca4cde2,3,cifar10,800,3,20100000,FALSE
974,2,41,79.04999542,-1,0.955342497,-1,99.875,0.011254571,523.765059,45c29d59-c5ca-424f-a406-6a4c2ca4cde2,3,cifar10,800,3,20100000,FALSE
975,3,61,79.52999878,-1,0.912925549,-1,100,0.01012673,748.3671556,45c29d59-c5ca-424f-a406-6a4c2ca4cde2,3,cifar10,800,3,20100000,FALSE
976,4,81,79.47999573,-1,0.919371051,-1,100,0.007663491,972.8111699,45c29d59-c5ca-424f-a406-6a4c2ca4cde2,3,cifar10,800,3,20100000,FALSE
977,5,100,79.30999756,-1,0.913624605,-1,100,0.008308107,1188.850643,45c29d59-c5ca-424f-a406-6a4c2ca4cde2,3,cifar10,800,3,20100000,FALSE
978,0,1,14.67000008,-1,761.2339434,-1,51.125,13.19793261,31.66472936,f011dbd2-8e5d-4ad6-8d00-af11ce871490,3,cifar10,1600,3,20100000,FALSE
979,1,21,82.50999451,-1,0.679791242,-1,99.5625,0.027826953,191.0286617,f011dbd2-8e5d-4ad6-8d00-af11ce871490,3,cifar10,1600,3,20100000,FALSE
980,2,41,83.36000061,-1,0.678503314,-1,99.9375,0.01243297,351.0529404,f011dbd2-8e5d-4ad6-8d00-af11ce871490,3,cifar10,1600,3,20100000,FALSE
981,3,61,83.37999725,-1,0.66885662,-1,100,0.008666753,528.8538601,f011dbd2-8e5d-4ad6-8d00-af11ce871490,3,cifar10,1600,3,20100000,FALSE
982,4,81,83.65999603,-1,0.671052357,-1,99.875,0.013781137,705.6322532,f011dbd2-8e5d-4ad6-8d00-af11ce871490,3,cifar10,1600,3,20100000,FALSE
983,5,100,83.76999664,-1,0.658742069,-1,100,0.008550186,861.736639,f011dbd2-8e5d-4ad6-8d00-af11ce871490,3,cifar10,1600,3,20100000,FALSE
984,1,21,83.04000092,-1,0.700737186,-1,100,0.008227335,144.1552329,10b6c44f-94de-4ae9-8b52-1b0b9904280c,3,kmnist,1600,3,20100000,FALSE
985,2,41,84.11999512,-1,0.67450486,-1,100,0.005263869,275.2406905,10b6c44f-94de-4ae9-8b52-1b0b9904280c,3,kmnist,1600,3,20100000,FALSE
986,3,61,84.23999786,-1,0.670844408,-1,100,0.005334991,376.3032486,10b6c44f-94de-4ae9-8b52-1b0b9904280c,3,kmnist,1600,3,20100000,FALSE
987,4,81,84.13999939,-1,0.671995641,-1,100,0.00535635,498.5136385,10b6c44f-94de-4ae9-8b52-1b0b9904280c,3,kmnist,1600,3,20100000,FALSE
988,5,100,84.22999573,-1,0.671604143,-1,100,0.005053473,594.8438599,10b6c44f-94de-4ae9-8b52-1b0b9904280c,3,kmnist,1600,3,20100000,FALSE
