,epoch,nat_prec1,adv_prec1,nat_loss,adv_loss,train_prec1,train_loss,time,exp_id,source_eps,target_ds,num_training_images,unfrozen_blocks,seed
0,1,10.0,-1.0,15395.66931875,-1.0,10.0,40.601383209228516,22.391790866851807,1ebb8f2b-b0f5-4702-b763-c431cb6cb510,0.0,cifar10,100,9,20100000
1,21,10.0,-1.0,8043478.5072,-1.0,24.0,5.655755996704102,116.68542647361755,1ebb8f2b-b0f5-4702-b763-c431cb6cb510,0.0,cifar10,100,9,20100000
2,41,18.559999465942383,-1.0,195.00829858398438,-1.0,27.0,6.6989922523498535,210.48832821846008,1ebb8f2b-b0f5-4702-b763-c431cb6cb510,0.0,cifar10,100,9,20100000
3,61,18.03999900817871,-1.0,6.924391673278809,-1.0,29.0,3.3418545722961426,305.85831356048584,1ebb8f2b-b0f5-4702-b763-c431cb6cb510,0.0,cifar10,100,9,20100000
4,81,19.56999969482422,-1.0,5.021559967803955,-1.0,24.0,2.095614194869995,399.11530327796936,1ebb8f2b-b0f5-4702-b763-c431cb6cb510,0.0,cifar10,100,9,20100000
5,100,19.619998931884766,-1.0,5.604163043403625,-1.0,34.0,1.9620667695999146,489.8475413322449,1ebb8f2b-b0f5-4702-b763-c431cb6cb510,0.0,cifar10,100,9,20100000
0,1,68.86000061035156,-1.0,1.042637926197052,-1.0,51.875,10.509840292334557,51.38399600982666,e0f57869-acec-426a-a804-2fcba6c0d066,0.0,cifar10,12800,3,20100000
1,11,85.16999816894531,-1.0,0.4673039155960083,-1.0,87.265625,0.36848435446619987,342.4182105064392,e0f57869-acec-426a-a804-2fcba6c0d066,0.0,cifar10,12800,3,20100000
2,21,85.91999816894531,-1.0,0.42703303694725037,-1.0,89.0703125,0.3111516886949539,639.5239689350128,e0f57869-acec-426a-a804-2fcba6c0d066,0.0,cifar10,12800,3,20100000
3,31,88.5,-1.0,0.34506561131477353,-1.0,91.3203125,0.24701811954379083,940.6966140270233,e0f57869-acec-426a-a804-2fcba6c0d066,0.0,cifar10,12800,3,20100000
4,41,85.3699951171875,-1.0,0.5086519375801086,-1.0,93.8359375,0.17482782825827597,1232.5297541618347,e0f57869-acec-426a-a804-2fcba6c0d066,0.0,cifar10,12800,3,20100000
5,51,90.95999908447266,-1.0,0.29131602613478896,-1.0,97.1484375,0.0928114853799343,1511.354231595993,e0f57869-acec-426a-a804-2fcba6c0d066,0.0,cifar10,12800,3,20100000
6,61,91.56999969482422,-1.0,0.28888097548484803,-1.0,99.015625,0.038018449917435644,1797.916384935379,e0f57869-acec-426a-a804-2fcba6c0d066,0.0,cifar10,12800,3,20100000
7,71,91.23999786376953,-1.0,0.31404128687381744,-1.0,99.3828125,0.025772068998776376,2089.3104932308197,e0f57869-acec-426a-a804-2fcba6c0d066,0.0,cifar10,12800,3,20100000
8,81,91.61000061035156,-1.0,0.30418975820541383,-1.0,99.6171875,0.018645156009588392,2361.301667690277,e0f57869-acec-426a-a804-2fcba6c0d066,0.0,cifar10,12800,3,20100000
9,91,91.43999481201172,-1.0,0.3108754460334778,-1.0,99.6015625,0.018568096202798187,2652.9071991443634,e0f57869-acec-426a-a804-2fcba6c0d066,0.0,cifar10,12800,3,20100000
10,101,91.69999694824219,-1.0,0.30712440821155906,-1.0,99.7578125,0.013286213141400367,2943.7116343975067,e0f57869-acec-426a-a804-2fcba6c0d066,0.0,cifar10,12800,3,20100000
11,111,91.8699951171875,-1.0,0.3008133241198957,-1.0,99.828125,0.010782106667757035,3229.986161470413,e0f57869-acec-426a-a804-2fcba6c0d066,0.0,cifar10,12800,3,20100000
12,121,91.73999786376953,-1.0,0.3052048265181482,-1.0,99.828125,0.010357147825416177,3518.892520904541,e0f57869-acec-426a-a804-2fcba6c0d066,0.0,cifar10,12800,3,20100000
13,131,91.66999816894531,-1.0,0.3069587659835815,-1.0,99.8359375,0.009288025794085115,3795.951344013214,e0f57869-acec-426a-a804-2fcba6c0d066,0.0,cifar10,12800,3,20100000
14,141,91.72000122070312,-1.0,0.30398753337860107,-1.0,99.8828125,0.008642921806313097,4078.9508571624756,e0f57869-acec-426a-a804-2fcba6c0d066,0.0,cifar10,12800,3,20100000
15,150,91.7699966430664,-1.0,0.30626102294921875,-1.0,99.90625,0.008021585932001472,4355.928025960922,e0f57869-acec-426a-a804-2fcba6c0d066,0.0,cifar10,12800,3,20100000
0,1,24.420000076293945,-1.0,4.507249322509765,-1.0,21.703125,17.450286904573442,51.30851149559021,fe8f157a-7f5e-4558-a285-7820a3f2cb6c,0.0,cifar10,12800,9,20100000
1,11,62.529998779296875,-1.0,1.048312237548828,-1.0,62.1640625,1.0501778852939605,400.6588318347931,fe8f157a-7f5e-4558-a285-7820a3f2cb6c,0.0,cifar10,12800,9,20100000
2,21,70.0,-1.0,0.8740715003967285,-1.0,74.0546875,0.7248711648583412,750.0762741565704,fe8f157a-7f5e-4558-a285-7820a3f2cb6c,0.0,cifar10,12800,9,20100000
3,31,68.30999755859375,-1.0,1.0530869649887085,-1.0,81.8125,0.5144349628686905,1097.1153542995453,fe8f157a-7f5e-4558-a285-7820a3f2cb6c,0.0,cifar10,12800,9,20100000
4,41,76.3699951171875,-1.0,0.7221493298530579,-1.0,86.5,0.37873370200395584,1443.9798271656036,fe8f157a-7f5e-4558-a285-7820a3f2cb6c,0.0,cifar10,12800,9,20100000
5,51,86.37999725341797,-1.0,0.4097843323469162,-1.0,93.7734375,0.1864915419369936,1790.947190284729,fe8f157a-7f5e-4558-a285-7820a3f2cb6c,0.0,cifar10,12800,9,20100000
6,61,87.08999633789062,-1.0,0.4346277308225632,-1.0,98.4609375,0.057483064737170936,2137.842232942581,fe8f157a-7f5e-4558-a285-7820a3f2cb6c,0.0,cifar10,12800,9,20100000
7,71,87.0,-1.0,0.4799900973320007,-1.0,99.234375,0.03311511217616499,2485.0022065639496,fe8f157a-7f5e-4558-a285-7820a3f2cb6c,0.0,cifar10,12800,9,20100000
8,81,87.4000015258789,-1.0,0.4777179057121277,-1.0,99.6640625,0.020475161867216228,2831.8013088703156,fe8f157a-7f5e-4558-a285-7820a3f2cb6c,0.0,cifar10,12800,9,20100000
9,91,87.06999969482422,-1.0,0.4999839231014252,-1.0,99.640625,0.01865818489808589,3178.8898725509644,fe8f157a-7f5e-4558-a285-7820a3f2cb6c,0.0,cifar10,12800,9,20100000
10,101,87.69999694824219,-1.0,0.47892326741218566,-1.0,99.7890625,0.011725435266271234,3525.9225907325745,fe8f157a-7f5e-4558-a285-7820a3f2cb6c,0.0,cifar10,12800,9,20100000
11,111,87.9000015258789,-1.0,0.47166489500999453,-1.0,99.8828125,0.009508098200894892,3873.967381000519,fe8f157a-7f5e-4558-a285-7820a3f2cb6c,0.0,cifar10,12800,9,20100000
12,121,87.90999603271484,-1.0,0.4712786967277527,-1.0,99.8828125,0.00810496267513372,4221.647076845169,fe8f157a-7f5e-4558-a285-7820a3f2cb6c,0.0,cifar10,12800,9,20100000
13,131,87.82999420166016,-1.0,0.4729728704452515,-1.0,99.859375,0.008363738511689008,4569.309769153595,fe8f157a-7f5e-4558-a285-7820a3f2cb6c,0.0,cifar10,12800,9,20100000
14,141,87.75999450683594,-1.0,0.4758978681564331,-1.0,99.9140625,0.006593553996644914,4916.658979177475,fe8f157a-7f5e-4558-a285-7820a3f2cb6c,0.0,cifar10,12800,9,20100000
15,150,87.5199966430664,-1.0,0.4805822238922119,-1.0,99.90625,0.007032687147147954,5231.190176725388,fe8f157a-7f5e-4558-a285-7820a3f2cb6c,0.0,cifar10,12800,9,20100000
0,1,13.719999313354492,-1.0,73480.8439125,-1.0,17.625,85.91459281921387,30.895323753356934,8baf6085-107b-4cc3-9d77-b530b798eda0,0.0,cifar10,1600,3,20100000
1,21,71.5199966430664,-1.0,1.827166111755371,-1.0,83.9375,0.6472634065151215,186.5381624698639,8baf6085-107b-4cc3-9d77-b530b798eda0,0.0,cifar10,1600,3,20100000
2,41,79.29999542236328,-1.0,0.6976980529785156,-1.0,94.875,0.1758904403448105,341.8584740161896,8baf6085-107b-4cc3-9d77-b530b798eda0,0.0,cifar10,1600,3,20100000
3,61,79.72000122070312,-1.0,0.6785771577835084,-1.0,95.9375,0.1418807739019394,495.99158906936646,8baf6085-107b-4cc3-9d77-b530b798eda0,0.0,cifar10,1600,3,20100000
4,81,80.12999725341797,-1.0,0.6578081848144531,-1.0,96.375,0.13840474665164948,651.5683972835541,8baf6085-107b-4cc3-9d77-b530b798eda0,0.0,cifar10,1600,3,20100000
5,100,80.1500015258789,-1.0,0.6514933501720428,-1.0,97.125,0.13017198354005813,799.7903172969818,8baf6085-107b-4cc3-9d77-b530b798eda0,0.0,cifar10,1600,3,20100000
0,1,12.569999694824219,-1.0,336674410.5984,-1.0,11.75,77.32417686462402,77.40588092803955,c2a88667-872a-409d-8c21-6df36301206d,0.0,cifar10,1600,9,20100000
1,21,29.1299991607666,-1.0,1.956540061378479,-1.0,35.4375,2.1344137668609617,397.3783664703369,c2a88667-872a-409d-8c21-6df36301206d,0.0,cifar10,1600,9,20100000
2,41,46.65999984741211,-1.0,1.8592121404647828,-1.0,49.1875,1.4525768756866455,658.064621925354,c2a88667-872a-409d-8c21-6df36301206d,0.0,cifar10,1600,9,20100000
3,61,48.619998931884766,-1.0,1.5239894102096558,-1.0,52.0,1.3123521280288697,823.9974615573883,c2a88667-872a-409d-8c21-6df36301206d,0.0,cifar10,1600,9,20100000
4,81,48.7599983215332,-1.0,1.4800011219024658,-1.0,53.4375,1.2861748075485229,988.2844202518463,c2a88667-872a-409d-8c21-6df36301206d,0.0,cifar10,1600,9,20100000
5,100,49.29999923706055,-1.0,1.4338154161453247,-1.0,53.375,1.2821039533615113,1146.867101430893,c2a88667-872a-409d-8c21-6df36301206d,0.0,cifar10,1600,9,20100000
0,1,10.0,-1.0,3.917672347051849e+26,-1.0,12.0,74.88218444824219,22.209109783172607,e513b37b-911a-46b7-93d0-14ed5cbd149b,0.0,cifar10,200,9,20100000
1,21,12.789999961853027,-1.0,152.94218194885255,-1.0,18.0,3.5153679847717285,124.64520454406738,e513b37b-911a-46b7-93d0-14ed5cbd149b,0.0,cifar10,200,9,20100000
2,41,12.029999732971191,-1.0,2.789310454559326,-1.0,19.0,2.341113262176514,225.1817193031311,e513b37b-911a-46b7-93d0-14ed5cbd149b,0.0,cifar10,200,9,20100000
3,61,12.329999923706055,-1.0,2.7870748706817627,-1.0,17.0,2.1948308658599855,325.5862112045288,e513b37b-911a-46b7-93d0-14ed5cbd149b,0.0,cifar10,200,9,20100000
4,81,12.130000114440918,-1.0,3.1875360683441163,-1.0,18.0,2.3566256046295164,426.17916321754456,e513b37b-911a-46b7-93d0-14ed5cbd149b,0.0,cifar10,200,9,20100000
5,100,12.59999942779541,-1.0,2.656923059082031,-1.0,21.0,2.1750412940979005,524.1578330993652,e513b37b-911a-46b7-93d0-14ed5cbd149b,0.0,cifar10,200,9,20100000
0,1,29.239999771118164,-1.0,1.9009143997192384,-1.0,23.3046875,9.457683174610137,89.41021609306335,b181c554-21e6-413d-8999-fcda494f01b7,0.0,cifar10,25600,9,20100000
1,11,65.20999908447266,-1.0,0.9657192195892333,-1.0,69.15234375,0.8506792241334915,764.8322644233704,b181c554-21e6-413d-8999-fcda494f01b7,0.0,cifar10,25600,9,20100000
2,21,76.9000015258789,-1.0,0.6764897095680237,-1.0,81.7421875,0.5234719502925873,1430.8262267112732,b181c554-21e6-413d-8999-fcda494f01b7,0.0,cifar10,25600,9,20100000
3,31,84.16999816894531,-1.0,0.4666658378362656,-1.0,87.21484375,0.3693970526009798,2152.1271998882294,b181c554-21e6-413d-8999-fcda494f01b7,0.0,cifar10,25600,9,20100000
4,41,82.47000122070312,-1.0,0.5758709343910218,-1.0,89.578125,0.30484515890479086,2861.6845676898956,b181c554-21e6-413d-8999-fcda494f01b7,0.0,cifar10,25600,9,20100000
5,51,90.79999542236328,-1.0,0.2794774341583252,-1.0,95.12890625,0.15139800639823078,3568.541464805603,b181c554-21e6-413d-8999-fcda494f01b7,0.0,cifar10,25600,9,20100000
6,61,91.43000030517578,-1.0,0.29332791957855225,-1.0,99.0859375,0.03604916143231094,4277.279883623123,b181c554-21e6-413d-8999-fcda494f01b7,0.0,cifar10,25600,9,20100000
7,71,91.43000030517578,-1.0,0.31181611433029177,-1.0,99.4765625,0.021255007256986574,4990.248385190964,b181c554-21e6-413d-8999-fcda494f01b7,0.0,cifar10,25600,9,20100000
8,81,91.83999633789062,-1.0,0.31660221012830736,-1.0,99.5234375,0.019439565390348433,5707.823381185532,b181c554-21e6-413d-8999-fcda494f01b7,0.0,cifar10,25600,9,20100000
9,91,91.54999542236328,-1.0,0.32468553428649904,-1.0,99.73046875,0.012143030383158475,6395.6782438755035,b181c554-21e6-413d-8999-fcda494f01b7,0.0,cifar10,25600,9,20100000
10,101,91.7699966430664,-1.0,0.2986738401889801,-1.0,99.71484375,0.012326329492498189,7083.524198770523,b181c554-21e6-413d-8999-fcda494f01b7,0.0,cifar10,25600,9,20100000
11,111,92.18000030517578,-1.0,0.29266964335553347,-1.0,99.921875,0.005391498027020134,7793.214284658432,b181c554-21e6-413d-8999-fcda494f01b7,0.0,cifar10,25600,9,20100000
12,121,92.31999969482422,-1.0,0.2936483850479126,-1.0,99.953125,0.0046366813598433506,8493.109784841537,b181c554-21e6-413d-8999-fcda494f01b7,0.0,cifar10,25600,9,20100000
13,131,92.25,-1.0,0.2916863343238831,-1.0,99.98046875,0.0037175229255808516,9150.988621473312,b181c554-21e6-413d-8999-fcda494f01b7,0.0,cifar10,25600,9,20100000
14,141,92.33999633789062,-1.0,0.2935553635597229,-1.0,99.98828125,0.003900368177564815,9815.769201755524,b181c554-21e6-413d-8999-fcda494f01b7,0.0,cifar10,25600,9,20100000
15,150,92.45999908447266,-1.0,0.2929862070322037,-1.0,99.984375,0.0037328823705320246,10426.173260450363,b181c554-21e6-413d-8999-fcda494f01b7,0.0,cifar10,25600,9,20100000
0,1,10.0,-1.0,28756.8491125,-1.0,14.3125,51.18813291549682,34.32308387756348,5e9d12f8-b85c-4730-8090-9c67552c201e,0.0,cifar10,3200,9,20100000
1,11,34.05999755859375,-1.0,1.879681967163086,-1.0,34.84375,1.9222693347930908,170.94994521141052,5e9d12f8-b85c-4730-8090-9c67552c201e,0.0,cifar10,3200,9,20100000
2,21,31.349998474121094,-1.0,1.9925670642852784,-1.0,39.8125,1.6754999303817748,310.13486433029175,5e9d12f8-b85c-4730-8090-9c67552c201e,0.0,cifar10,3200,9,20100000
3,31,43.80999755859375,-1.0,1.5448897325515747,-1.0,49.03125,1.4450250625610352,446.9162542819977,5e9d12f8-b85c-4730-8090-9c67552c201e,0.0,cifar10,3200,9,20100000
4,41,54.40999984741211,-1.0,1.258558372116089,-1.0,57.8125,1.143816463947296,587.0231885910034,5e9d12f8-b85c-4730-8090-9c67552c201e,0.0,cifar10,3200,9,20100000
5,51,61.64999771118164,-1.0,1.08488501663208,-1.0,67.15625,0.9251306223869323,727.2444498538971,5e9d12f8-b85c-4730-8090-9c67552c201e,0.0,cifar10,3200,9,20100000
6,61,63.15999984741211,-1.0,1.0488998771667482,-1.0,69.875,0.8337021398544312,865.6992082595825,5e9d12f8-b85c-4730-8090-9c67552c201e,0.0,cifar10,3200,9,20100000
7,71,63.779998779296875,-1.0,1.043620672607422,-1.0,70.0,0.8288933682441711,1003.161048412323,5e9d12f8-b85c-4730-8090-9c67552c201e,0.0,cifar10,3200,9,20100000
8,81,64.68000030517578,-1.0,1.0211505126953124,-1.0,72.625,0.7800067257881165,1137.7348854541779,5e9d12f8-b85c-4730-8090-9c67552c201e,0.0,cifar10,3200,9,20100000
9,91,64.6199951171875,-1.0,1.0227520153045655,-1.0,73.28125,0.7505053400993347,1273.3899331092834,5e9d12f8-b85c-4730-8090-9c67552c201e,0.0,cifar10,3200,9,20100000
10,101,65.18000030517578,-1.0,1.0009693983078003,-1.0,74.59375,0.715294737815857,1410.7772016525269,5e9d12f8-b85c-4730-8090-9c67552c201e,0.0,cifar10,3200,9,20100000
11,111,65.43000030517578,-1.0,0.9874899587631225,-1.0,75.0625,0.7083846068382263,1550.4247152805328,5e9d12f8-b85c-4730-8090-9c67552c201e,0.0,cifar10,3200,9,20100000
12,121,65.79999542236328,-1.0,0.9968820125579834,-1.0,75.0625,0.6949724817276001,1687.9649589061737,5e9d12f8-b85c-4730-8090-9c67552c201e,0.0,cifar10,3200,9,20100000
13,131,65.68999481201172,-1.0,0.9877875007629394,-1.0,75.21875,0.6889959955215454,1827.1793639659882,5e9d12f8-b85c-4730-8090-9c67552c201e,0.0,cifar10,3200,9,20100000
14,141,65.70999908447266,-1.0,0.9981730179786682,-1.0,75.0625,0.6916728377342224,1962.1974997520447,5e9d12f8-b85c-4730-8090-9c67552c201e,0.0,cifar10,3200,9,20100000
15,150,65.9000015258789,-1.0,0.9884660778999329,-1.0,75.34375,0.6840536427497864,2082.0845222473145,5e9d12f8-b85c-4730-8090-9c67552c201e,0.0,cifar10,3200,9,20100000
0,1,10.0,-1.0,7.988830022143129e+22,-1.0,11.5,124.94969787597657,24.070079803466797,e794ba25-99fa-42cf-996a-89084fe543c2,0.0,cifar10,400,9,20100000
1,21,15.4399995803833,-1.0,454.5504085571289,-1.0,19.0,4.149453105926514,142.00975489616394,e794ba25-99fa-42cf-996a-89084fe543c2,0.0,cifar10,400,9,20100000
2,41,19.389999389648438,-1.0,4.120374798965454,-1.0,27.0,2.102568483352661,256.157785654068,e794ba25-99fa-42cf-996a-89084fe543c2,0.0,cifar10,400,9,20100000
3,61,21.35999870300293,-1.0,3.165499164199829,-1.0,26.25,2.06648512840271,370.58020663261414,e794ba25-99fa-42cf-996a-89084fe543c2,0.0,cifar10,400,9,20100000
4,81,21.28999900817871,-1.0,3.1785865112304688,-1.0,27.25,1.943809185028076,486.4667966365814,e794ba25-99fa-42cf-996a-89084fe543c2,0.0,cifar10,400,9,20100000
5,100,21.51999855041504,-1.0,3.15866057472229,-1.0,28.0,1.9065016746520995,596.6507143974304,e794ba25-99fa-42cf-996a-89084fe543c2,0.0,cifar10,400,9,20100000
0,1,63.349998474121094,-1.0,2.2199637084960937,-1.0,37.5625,24.837739372253417,44.5555465221405,bc7d6035-e152-425f-941b-770bde5bdb42,0.0,cifar10,6400,3,20100000
1,11,83.44999694824219,-1.0,0.4992292929172516,-1.0,85.28125,0.4126385119557381,219.1547360420227,bc7d6035-e152-425f-941b-770bde5bdb42,0.0,cifar10,6400,3,20100000
2,21,84.18999481201172,-1.0,0.4710046908378601,-1.0,89.59375,0.29859515458345415,396.58238196372986,bc7d6035-e152-425f-941b-770bde5bdb42,0.0,cifar10,6400,3,20100000
3,31,84.6500015258789,-1.0,0.4694939087152481,-1.0,91.609375,0.24976972728967667,567.9536473751068,bc7d6035-e152-425f-941b-770bde5bdb42,0.0,cifar10,6400,3,20100000
4,41,83.97999572753906,-1.0,0.49122798414230345,-1.0,92.890625,0.21481109127402306,739.7055034637451,bc7d6035-e152-425f-941b-770bde5bdb42,0.0,cifar10,6400,3,20100000
5,51,87.1199951171875,-1.0,0.39899990997314455,-1.0,95.828125,0.14346799716353417,917.0197882652283,bc7d6035-e152-425f-941b-770bde5bdb42,0.0,cifar10,6400,3,20100000
6,61,87.13999938964844,-1.0,0.3932540755033493,-1.0,96.984375,0.11416029073297977,1097.017179965973,bc7d6035-e152-425f-941b-770bde5bdb42,0.0,cifar10,6400,3,20100000
7,71,87.04000091552734,-1.0,0.40795712304115295,-1.0,96.90625,0.1115977917611599,1272.6617949008942,bc7d6035-e152-425f-941b-770bde5bdb42,0.0,cifar10,6400,3,20100000
8,81,87.66999816894531,-1.0,0.3963535859107971,-1.0,96.984375,0.10309523865580558,1453.516273021698,bc7d6035-e152-425f-941b-770bde5bdb42,0.0,cifar10,6400,3,20100000
9,91,87.38999938964844,-1.0,0.4023377427607775,-1.0,97.625,0.09167852334678173,1625.416488647461,bc7d6035-e152-425f-941b-770bde5bdb42,0.0,cifar10,6400,3,20100000
10,101,87.50999450683594,-1.0,0.405888693857193,-1.0,98.109375,0.07929754175245762,1809.9868054389954,bc7d6035-e152-425f-941b-770bde5bdb42,0.0,cifar10,6400,3,20100000
11,111,87.50999450683594,-1.0,0.40564902868270875,-1.0,98.0625,0.07777177229523659,1991.9349455833435,bc7d6035-e152-425f-941b-770bde5bdb42,0.0,cifar10,6400,3,20100000
12,121,87.57999420166016,-1.0,0.4004004385948181,-1.0,98.375,0.07099503234028816,2170.910957813263,bc7d6035-e152-425f-941b-770bde5bdb42,0.0,cifar10,6400,3,20100000
13,131,87.5199966430664,-1.0,0.4030416749477386,-1.0,98.203125,0.0728258640319109,2349.7834017276764,bc7d6035-e152-425f-941b-770bde5bdb42,0.0,cifar10,6400,3,20100000
14,141,87.57999420166016,-1.0,0.40796776757240294,-1.0,98.296875,0.07407812424004077,2532.1820046901703,bc7d6035-e152-425f-941b-770bde5bdb42,0.0,cifar10,6400,3,20100000
15,150,87.6500015258789,-1.0,0.4074484402656555,-1.0,98.171875,0.07506110548973083,2697.71626663208,bc7d6035-e152-425f-941b-770bde5bdb42,0.0,cifar10,6400,3,20100000
0,1,17.670000076293945,-1.0,2.1703892780303957,-1.0,12.65625,23.206392560005188,47.78423047065735,e62f8ced-6fc6-4bb9-bb32-53796a73e42e,0.0,cifar10,6400,9,20100000
1,11,44.62999725341797,-1.0,1.836229330444336,-1.0,48.265625,1.6635102939605713,269.0362389087677,e62f8ced-6fc6-4bb9-bb32-53796a73e42e,0.0,cifar10,6400,9,20100000
2,21,61.099998474121094,-1.0,1.0963207617759705,-1.0,61.203125,1.0646065700054168,484.9816598892212,e62f8ced-6fc6-4bb9-bb32-53796a73e42e,0.0,cifar10,6400,9,20100000
3,31,64.26000213623047,-1.0,1.0292010935783387,-1.0,72.53125,0.7586317420005798,706.0385615825653,e62f8ced-6fc6-4bb9-bb32-53796a73e42e,0.0,cifar10,6400,9,20100000
4,41,71.65999603271484,-1.0,0.8026002439498902,-1.0,79.015625,0.5884051012992859,923.1941287517548,e62f8ced-6fc6-4bb9-bb32-53796a73e42e,0.0,cifar10,6400,9,20100000
5,51,77.18000030517578,-1.0,0.6812671451568604,-1.0,87.546875,0.36423122495412824,1136.307354927063,e62f8ced-6fc6-4bb9-bb32-53796a73e42e,0.0,cifar10,6400,9,20100000
6,61,76.8499984741211,-1.0,0.7500428198337555,-1.0,92.421875,0.22510016426444054,1346.3384039402008,e62f8ced-6fc6-4bb9-bb32-53796a73e42e,0.0,cifar10,6400,9,20100000
7,71,78.48999786376953,-1.0,0.7433337118148804,-1.0,94.34375,0.1690087842941284,1568.2878386974335,e62f8ced-6fc6-4bb9-bb32-53796a73e42e,0.0,cifar10,6400,9,20100000
8,81,78.54999542236328,-1.0,0.7664998490333557,-1.0,95.9375,0.1277949942648411,1787.710676908493,e62f8ced-6fc6-4bb9-bb32-53796a73e42e,0.0,cifar10,6400,9,20100000
9,91,78.33000183105469,-1.0,0.8013393661022187,-1.0,96.90625,0.10309696294367314,2011.363394498825,e62f8ced-6fc6-4bb9-bb32-53796a73e42e,0.0,cifar10,6400,9,20100000
10,101,78.87999725341797,-1.0,0.8329515779495239,-1.0,98.34375,0.06601239163428545,3462.5552139282227,e62f8ced-6fc6-4bb9-bb32-53796a73e42e,0.0,cifar10,6400,9,20100000
11,111,78.87999725341797,-1.0,0.8371274566650391,-1.0,98.921875,0.052231400310993194,3681.0116336345673,e62f8ced-6fc6-4bb9-bb32-53796a73e42e,0.0,cifar10,6400,9,20100000
12,121,78.94999694824219,-1.0,0.829674257183075,-1.0,98.890625,0.04697869580239058,3894.255731344223,e62f8ced-6fc6-4bb9-bb32-53796a73e42e,0.0,cifar10,6400,9,20100000
13,131,78.97000122070312,-1.0,0.8450937143325805,-1.0,98.796875,0.049247526600956916,4110.482353925705,e62f8ced-6fc6-4bb9-bb32-53796a73e42e,0.0,cifar10,6400,9,20100000
14,141,78.93999481201172,-1.0,0.8456478939056397,-1.0,99.046875,0.04552353404462337,4326.435460329056,e62f8ced-6fc6-4bb9-bb32-53796a73e42e,0.0,cifar10,6400,9,20100000
15,150,78.66999816894531,-1.0,0.8719545021057129,-1.0,99.203125,0.04228850964456796,4516.871544599533,e62f8ced-6fc6-4bb9-bb32-53796a73e42e,0.0,cifar10,6400,9,20100000
0,1,10.0,-1.0,231912439832326.97,-1.0,11.0,66.58342956542968,24.857916593551636,fe49c52c-34b1-4b58-a2ce-4375b21f35d8,0.0,cifar10,800,9,20100000
1,21,24.059999465942383,-1.0,2.012418475151062,-1.0,24.625,2.516111106872559,162.14366006851196,fe49c52c-34b1-4b58-a2ce-4375b21f35d8,0.0,cifar10,800,9,20100000
2,41,33.11000061035156,-1.0,1.699080850982666,-1.0,37.0,1.8303892087936402,297.36317896842957,fe49c52c-34b1-4b58-a2ce-4375b21f35d8,0.0,cifar10,800,9,20100000
3,61,34.5,-1.0,1.6617338052749633,-1.0,35.125,1.7841438579559326,430.2034652233124,fe49c52c-34b1-4b58-a2ce-4375b21f35d8,0.0,cifar10,800,9,20100000
4,81,34.540000915527344,-1.0,1.672444009590149,-1.0,37.875,1.6389062547683715,563.1299910545349,fe49c52c-34b1-4b58-a2ce-4375b21f35d8,0.0,cifar10,800,9,20100000
5,100,34.5099983215332,-1.0,1.6758666219711305,-1.0,38.875,1.6345939540863037,687.7807722091675,fe49c52c-34b1-4b58-a2ce-4375b21f35d8,0.0,cifar10,800,9,20100000
0,1,10.0,-1.0,33153.62610625,-1.0,10.0,34.16196823120117,19.30936288833618,ec637d7a-d3b4-4356-9c36-c82689756d97,0.0,kmnist,100,9,20100000
1,21,10.979999542236328,-1.0,331252.611,-1.0,34.0,11.252205848693848,69.48190689086914,ec637d7a-d3b4-4356-9c36-c82689756d97,0.0,kmnist,100,9,20100000
2,41,19.65999984741211,-1.0,33.62959832763672,-1.0,47.0,1.765519618988037,118.48188066482544,ec637d7a-d3b4-4356-9c36-c82689756d97,0.0,kmnist,100,9,20100000
3,61,24.68000030517578,-1.0,5.8771763458251955,-1.0,59.0,1.3168587684631348,169.77268052101135,ec637d7a-d3b4-4356-9c36-c82689756d97,0.0,kmnist,100,9,20100000
4,81,25.469999313354492,-1.0,6.456621620178223,-1.0,59.0,1.2766178846359253,219.52750205993652,ec637d7a-d3b4-4356-9c36-c82689756d97,0.0,kmnist,100,9,20100000
5,100,25.869998931884766,-1.0,6.677856216812134,-1.0,60.0,1.267868995666504,269.09129524230957,ec637d7a-d3b4-4356-9c36-c82689756d97,0.0,kmnist,100,9,20100000
0,1,19.600000381469727,-1.0,2.787374324798584,-1.0,19.8828125,14.665226497650146,48.56285309791565,13bc2c3d-b0ad-4fb8-a223-0497309e7cc9,0.0,kmnist,12800,9,20100000
1,11,68.00999450683594,-1.0,1.215188980102539,-1.0,92.5390625,0.23986161693930627,383.4130959510803,13bc2c3d-b0ad-4fb8-a223-0497309e7cc9,0.0,kmnist,12800,9,20100000
2,21,74.66999816894531,-1.0,0.9456043111801148,-1.0,97.421875,0.08612172489985824,718.2179143428802,13bc2c3d-b0ad-4fb8-a223-0497309e7cc9,0.0,kmnist,12800,9,20100000
3,31,81.87999725341797,-1.0,0.6879056523323059,-1.0,99.0625,0.03506201783195138,1053.0659203529358,13bc2c3d-b0ad-4fb8-a223-0497309e7cc9,0.0,kmnist,12800,9,20100000
4,41,86.36000061035156,-1.0,0.5606842472076417,-1.0,99.6171875,0.016599049642682075,1387.8630707263947,13bc2c3d-b0ad-4fb8-a223-0497309e7cc9,0.0,kmnist,12800,9,20100000
5,51,93.50999450683594,-1.0,0.2427393765449524,-1.0,100.0,0.001877078611869365,1722.781890153885,13bc2c3d-b0ad-4fb8-a223-0497309e7cc9,0.0,kmnist,12800,9,20100000
6,61,93.47999572753906,-1.0,0.24505487422943115,-1.0,100.0,0.0018287849228363483,2057.736915588379,13bc2c3d-b0ad-4fb8-a223-0497309e7cc9,0.0,kmnist,12800,9,20100000
7,71,93.55999755859375,-1.0,0.24329315071105956,-1.0,100.0,0.0017666140868095681,2392.5182032585144,13bc2c3d-b0ad-4fb8-a223-0497309e7cc9,0.0,kmnist,12800,9,20100000
8,81,93.58999633789062,-1.0,0.2366351701937616,-1.0,100.0,0.0018684908153954894,2727.590795278549,13bc2c3d-b0ad-4fb8-a223-0497309e7cc9,0.0,kmnist,12800,9,20100000
9,91,93.52999877929688,-1.0,0.23831207692623138,-1.0,100.0,0.0019071989343501627,3062.6686747074127,13bc2c3d-b0ad-4fb8-a223-0497309e7cc9,0.0,kmnist,12800,9,20100000
10,101,93.6199951171875,-1.0,0.23646805939674378,-1.0,100.0,0.0018003574630711227,3397.253504753113,13bc2c3d-b0ad-4fb8-a223-0497309e7cc9,0.0,kmnist,12800,9,20100000
11,111,93.5199966430664,-1.0,0.24127655153274535,-1.0,100.0,0.001808570270659402,3732.133845806122,13bc2c3d-b0ad-4fb8-a223-0497309e7cc9,0.0,kmnist,12800,9,20100000
12,121,93.57999420166016,-1.0,0.2396330741532147,-1.0,100.0,0.0017422139376867562,4066.9566683769226,13bc2c3d-b0ad-4fb8-a223-0497309e7cc9,0.0,kmnist,12800,9,20100000
13,131,93.54999542236328,-1.0,0.23660768280029296,-1.0,100.0,0.0017579008731991052,4401.769352912903,13bc2c3d-b0ad-4fb8-a223-0497309e7cc9,0.0,kmnist,12800,9,20100000
14,141,93.57999420166016,-1.0,0.23680603196620942,-1.0,100.0,0.0017801329516805707,4736.619490146637,13bc2c3d-b0ad-4fb8-a223-0497309e7cc9,0.0,kmnist,12800,9,20100000
15,150,93.56999969482422,-1.0,0.2406259967327118,-1.0,100.0,0.00168690430582501,5039.301213264465,13bc2c3d-b0ad-4fb8-a223-0497309e7cc9,0.0,kmnist,12800,9,20100000
0,1,10.0,-1.0,550231194.624,-1.0,13.8125,91.06997024536133,24.727742910385132,a0b637f8-4aa3-4ae3-ae4e-db9cc6355995,0.0,kmnist,1600,9,20100000
1,21,33.5,-1.0,1.900728999710083,-1.0,56.0625,1.2680071306228637,149.07976055145264,a0b637f8-4aa3-4ae3-ae4e-db9cc6355995,0.0,kmnist,1600,9,20100000
2,41,58.89999771118164,-1.0,1.3557767999649049,-1.0,85.6875,0.4941466188430786,275.94135427474976,a0b637f8-4aa3-4ae3-ae4e-db9cc6355995,0.0,kmnist,1600,9,20100000
3,61,60.099998474121094,-1.0,1.3552504426002503,-1.0,89.9375,0.3797493028640747,400.55594086647034,a0b637f8-4aa3-4ae3-ae4e-db9cc6355995,0.0,kmnist,1600,9,20100000
4,81,61.69999694824219,-1.0,1.3149046102523805,-1.0,90.6875,0.34405195713043213,524.049218416214,a0b637f8-4aa3-4ae3-ae4e-db9cc6355995,0.0,kmnist,1600,9,20100000
5,100,61.66999816894531,-1.0,1.313857466506958,-1.0,91.125,0.33406629860401155,643.0591313838959,a0b637f8-4aa3-4ae3-ae4e-db9cc6355995,0.0,kmnist,1600,9,20100000
0,1,10.0,-1.0,9.644169806475644e+24,-1.0,19.5,60.78221405029297,18.903121948242188,af6b9a81-bbd9-4461-9ed3-ee2e408f2764,0.0,kmnist,200,9,20100000
1,21,10.679999351501465,-1.0,30.357556469726564,-1.0,25.5,3.2256513118743895,75.06360149383545,af6b9a81-bbd9-4461-9ed3-ee2e408f2764,0.0,kmnist,200,9,20100000
2,41,30.479999542236328,-1.0,2.3252772548675535,-1.0,51.5,1.4642966651916505,131.06194925308228,af6b9a81-bbd9-4461-9ed3-ee2e408f2764,0.0,kmnist,200,9,20100000
3,61,31.25,-1.0,2.269956521987915,-1.0,54.5,1.3259403228759765,189.19052958488464,af6b9a81-bbd9-4461-9ed3-ee2e408f2764,0.0,kmnist,200,9,20100000
4,81,31.10999870300293,-1.0,2.2975069911956787,-1.0,55.5,1.3161810541152954,245.70441031455994,af6b9a81-bbd9-4461-9ed3-ee2e408f2764,0.0,kmnist,200,9,20100000
5,100,31.459999084472656,-1.0,2.271102321243286,-1.0,55.5,1.2882088136672973,298.16956210136414,af6b9a81-bbd9-4461-9ed3-ee2e408f2764,0.0,kmnist,200,9,20100000
0,1,40.45000076293945,-1.0,1.792979447555542,-1.0,41.3046875,9.282917056381702,86.81745934486389,2a0d5f9e-a951-4073-b055-5fbf34e8c57d,0.0,kmnist,25600,9,20100000
1,11,82.3699951171875,-1.0,0.6278115466833115,-1.0,96.24609375,0.12685242399573327,808.353942155838,2a0d5f9e-a951-4073-b055-5fbf34e8c57d,0.0,kmnist,25600,9,20100000
2,21,84.8499984741211,-1.0,0.5754546061515808,-1.0,98.37890625,0.053295623720623554,1494.4184019565582,2a0d5f9e-a951-4073-b055-5fbf34e8c57d,0.0,kmnist,25600,9,20100000
3,31,72.75999450683594,-1.0,1.220046300840378,-1.0,98.9375,0.0351110115647316,2179.303355693817,2a0d5f9e-a951-4073-b055-5fbf34e8c57d,0.0,kmnist,25600,9,20100000
4,41,69.48999786376953,-1.0,1.4683920766830445,-1.0,99.1015625,0.03003120204550214,2881.232341527939,2a0d5f9e-a951-4073-b055-5fbf34e8c57d,0.0,kmnist,25600,9,20100000
5,51,96.80999755859375,-1.0,0.1202131907761097,-1.0,99.87890625,0.006013963487930596,3577.1862936019897,2a0d5f9e-a951-4073-b055-5fbf34e8c57d,0.0,kmnist,25600,9,20100000
6,61,97.14999389648438,-1.0,0.1059035007238388,-1.0,100.0,0.0013959305215394124,4265.244403839111,2a0d5f9e-a951-4073-b055-5fbf34e8c57d,0.0,kmnist,25600,9,20100000
7,71,97.37999725341797,-1.0,0.09943048816919327,-1.0,100.0,0.0015565998465172015,4945.650656938553,2a0d5f9e-a951-4073-b055-5fbf34e8c57d,0.0,kmnist,25600,9,20100000
8,81,97.29999542236328,-1.0,0.09772317045629024,-1.0,100.0,0.0015317692197277211,5637.3906927108765,2a0d5f9e-a951-4073-b055-5fbf34e8c57d,0.0,kmnist,25600,9,20100000
9,91,97.3699951171875,-1.0,0.09385916044861078,-1.0,100.0,0.0015484199108323083,6292.196189403534,2a0d5f9e-a951-4073-b055-5fbf34e8c57d,0.0,kmnist,25600,9,20100000
10,101,97.3499984741211,-1.0,0.09495149008203298,-1.0,100.0,0.001564394980086945,6949.811668395996,2a0d5f9e-a951-4073-b055-5fbf34e8c57d,0.0,kmnist,25600,9,20100000
11,111,97.39999389648438,-1.0,0.09428506642580033,-1.0,100.0,0.0014958856397424825,7644.2609770298,2a0d5f9e-a951-4073-b055-5fbf34e8c57d,0.0,kmnist,25600,9,20100000
12,121,97.32999420166016,-1.0,0.09557027168273925,-1.0,100.0,0.0014897175037185662,8374.854606866837,2a0d5f9e-a951-4073-b055-5fbf34e8c57d,0.0,kmnist,25600,9,20100000
13,131,97.38999938964844,-1.0,0.0922646546125412,-1.0,100.0,0.0015328946957015432,9076.407207250595,2a0d5f9e-a951-4073-b055-5fbf34e8c57d,0.0,kmnist,25600,9,20100000
14,141,97.41999816894531,-1.0,0.09201075875163078,-1.0,100.0,0.0014992468172567897,9763.48412489891,2a0d5f9e-a951-4073-b055-5fbf34e8c57d,0.0,kmnist,25600,9,20100000
15,150,97.2699966430664,-1.0,0.09490334239006043,-1.0,100.0,0.0014751228742534296,10404.691536426544,2a0d5f9e-a951-4073-b055-5fbf34e8c57d,0.0,kmnist,25600,9,20100000
0,1,10.0,-1.0,2124.31176484375,-1.0,14.5625,39.17688714981079,29.13911008834839,776942e1-5446-4643-bac7-b288d93a1add,0.0,kmnist,3200,9,20100000
1,11,21.299999237060547,-1.0,4.768831958770752,-1.0,37.59375,2.8494870710372924,150.9655864238739,776942e1-5446-4643-bac7-b288d93a1add,0.0,kmnist,3200,9,20100000
2,21,46.61000061035156,-1.0,1.665150853538513,-1.0,73.59375,0.8563366293907165,268.81584906578064,776942e1-5446-4643-bac7-b288d93a1add,0.0,kmnist,3200,9,20100000
3,31,56.099998474121094,-1.0,1.6457754585266113,-1.0,91.875,0.28137023270130157,385.9545578956604,776942e1-5446-4643-bac7-b288d93a1add,0.0,kmnist,3200,9,20100000
4,41,67.40999603271484,-1.0,1.2937000537872314,-1.0,99.46875,0.03791999399662018,510.5088291168213,776942e1-5446-4643-bac7-b288d93a1add,0.0,kmnist,3200,9,20100000
5,51,78.47999572753906,-1.0,0.8426839710235595,-1.0,99.96875,0.006584464963525534,635.0311255455017,776942e1-5446-4643-bac7-b288d93a1add,0.0,kmnist,3200,9,20100000
6,61,78.48999786376953,-1.0,0.8350525594711303,-1.0,100.0,0.005049423538148403,759.774246931076,776942e1-5446-4643-bac7-b288d93a1add,0.0,kmnist,3200,9,20100000
7,71,78.25999450683594,-1.0,0.8411147220611572,-1.0,100.0,0.005002931924536824,886.0036401748657,776942e1-5446-4643-bac7-b288d93a1add,0.0,kmnist,3200,9,20100000
8,81,78.29000091552734,-1.0,0.8337320562362671,-1.0,100.0,0.0053742055036127565,1008.1497693061829,776942e1-5446-4643-bac7-b288d93a1add,0.0,kmnist,3200,9,20100000
9,91,78.48999786376953,-1.0,0.8232400728225708,-1.0,100.0,0.004866934278979897,1131.4772336483002,776942e1-5446-4643-bac7-b288d93a1add,0.0,kmnist,3200,9,20100000
10,101,78.61000061035156,-1.0,0.8224498970031738,-1.0,100.0,0.005250091040506959,1254.2075922489166,776942e1-5446-4643-bac7-b288d93a1add,0.0,kmnist,3200,9,20100000
11,111,78.5999984741211,-1.0,0.826150991821289,-1.0,100.0,0.005162880718708038,1378.1489691734314,776942e1-5446-4643-bac7-b288d93a1add,0.0,kmnist,3200,9,20100000
12,121,78.70999908447266,-1.0,0.8193431979179382,-1.0,100.0,0.004978048754855991,1502.8922173976898,776942e1-5446-4643-bac7-b288d93a1add,0.0,kmnist,3200,9,20100000
13,131,78.47000122070312,-1.0,0.825551300239563,-1.0,100.0,0.005077918227761984,1627.1230664253235,776942e1-5446-4643-bac7-b288d93a1add,0.0,kmnist,3200,9,20100000
14,141,78.65999603271484,-1.0,0.8168481136798859,-1.0,100.0,0.004921898674219847,1749.825433731079,776942e1-5446-4643-bac7-b288d93a1add,0.0,kmnist,3200,9,20100000
15,150,78.54000091552734,-1.0,0.8214895491600036,-1.0,100.0,0.005054989401251078,1862.892771244049,776942e1-5446-4643-bac7-b288d93a1add,0.0,kmnist,3200,9,20100000
0,1,10.0,-1.0,2.2964357836668033e+22,-1.0,22.0,81.81559265136718,19.8598690032959,db9c8d60-3091-43aa-858a-9fa87235b7a7,0.0,kmnist,400,9,20100000
1,21,12.049999237060547,-1.0,2.3987562023162843,-1.0,31.0,2.661117935180664,83.76700854301453,db9c8d60-3091-43aa-858a-9fa87235b7a7,0.0,kmnist,400,9,20100000
2,41,28.92999839782715,-1.0,2.2788374423980713,-1.0,50.75,1.4949891185760498,147.58158946037292,db9c8d60-3091-43aa-858a-9fa87235b7a7,0.0,kmnist,400,9,20100000
3,61,29.209999084472656,-1.0,2.35394656085968,-1.0,49.0,1.5286047554016113,211.50893211364746,db9c8d60-3091-43aa-858a-9fa87235b7a7,0.0,kmnist,400,9,20100000
4,81,30.51999855041504,-1.0,2.288377600097656,-1.0,53.0,1.3824737310409545,276.0182363986969,db9c8d60-3091-43aa-858a-9fa87235b7a7,0.0,kmnist,400,9,20100000
5,100,31.1299991607666,-1.0,2.263388436508179,-1.0,52.0,1.4134727907180786,341.0498809814453,db9c8d60-3091-43aa-858a-9fa87235b7a7,0.0,kmnist,400,9,20100000
0,1,17.119998931884766,-1.0,5.127022117614746,-1.0,15.984375,30.928421912193297,36.44128727912903,c36daded-5d65-49da-920c-73e480c70cbd,0.0,kmnist,6400,9,20100000
1,11,64.47999572753906,-1.0,1.146437602043152,-1.0,83.09375,0.5471393924951553,233.19002890586853,c36daded-5d65-49da-920c-73e480c70cbd,0.0,kmnist,6400,9,20100000
2,21,73.83000183105469,-1.0,0.8956144519805909,-1.0,95.546875,0.1515263597667217,429.860422372818,c36daded-5d65-49da-920c-73e480c70cbd,0.0,kmnist,6400,9,20100000
3,31,82.65999603271484,-1.0,0.6409163334846496,-1.0,99.03125,0.04673144217580557,629.1865036487579,c36daded-5d65-49da-920c-73e480c70cbd,0.0,kmnist,6400,9,20100000
4,41,84.32999420166016,-1.0,0.5848185956954957,-1.0,99.984375,0.009013215368613601,835.7630951404572,c36daded-5d65-49da-920c-73e480c70cbd,0.0,kmnist,6400,9,20100000
5,51,87.33999633789062,-1.0,0.4783557049751282,-1.0,99.859375,0.016236104182899,1038.233660697937,c36daded-5d65-49da-920c-73e480c70cbd,0.0,kmnist,6400,9,20100000
6,61,88.27999877929688,-1.0,0.4500455753803253,-1.0,100.0,0.0045122390892356635,1240.5342769622803,c36daded-5d65-49da-920c-73e480c70cbd,0.0,kmnist,6400,9,20100000
7,71,88.43000030517578,-1.0,0.4432046075820923,-1.0,100.0,0.004097683392465115,1442.4796946048737,c36daded-5d65-49da-920c-73e480c70cbd,0.0,kmnist,6400,9,20100000
8,81,88.66999816894531,-1.0,0.4374346249580383,-1.0,100.0,0.003874507094733417,1652.3925170898438,c36daded-5d65-49da-920c-73e480c70cbd,0.0,kmnist,6400,9,20100000
9,91,88.70999908447266,-1.0,0.4303252963066101,-1.0,100.0,0.0035720274597406385,1855.8107244968414,c36daded-5d65-49da-920c-73e480c70cbd,0.0,kmnist,6400,9,20100000
10,101,88.62999725341797,-1.0,0.43391783680915835,-1.0,100.0,0.0035961718764156102,2060.6079726219177,c36daded-5d65-49da-920c-73e480c70cbd,0.0,kmnist,6400,9,20100000
11,111,88.54999542236328,-1.0,0.4368598212718964,-1.0,100.0,0.0035903913155198096,2265.979557275772,c36daded-5d65-49da-920c-73e480c70cbd,0.0,kmnist,6400,9,20100000
12,121,88.68999481201172,-1.0,0.43416162700653077,-1.0,100.0,0.0036503701703622937,2469.222769498825,c36daded-5d65-49da-920c-73e480c70cbd,0.0,kmnist,6400,9,20100000
13,131,88.6500015258789,-1.0,0.4347654197692871,-1.0,100.0,0.003712721159681678,2678.3770413398743,c36daded-5d65-49da-920c-73e480c70cbd,0.0,kmnist,6400,9,20100000
14,141,88.48999786376953,-1.0,0.43495668034553525,-1.0,100.0,0.00357015713583678,2885.360918045044,c36daded-5d65-49da-920c-73e480c70cbd,0.0,kmnist,6400,9,20100000
15,150,88.73999786376953,-1.0,0.4324398766994476,-1.0,100.0,0.0038026202842593193,3074.4673326015472,c36daded-5d65-49da-920c-73e480c70cbd,0.0,kmnist,6400,9,20100000
0,1,10.0,-1.0,1417504063986702.8,-1.0,11.875,110.42694946289062,21.456178426742554,fb194406-5850-49c8-9ce1-14824c66c86c,0.0,kmnist,800,9,20100000
1,21,14.089999198913574,-1.0,2.8158345127105715,-1.0,19.0,2.9635551738739014,107.5666732788086,fb194406-5850-49c8-9ce1-14824c66c86c,0.0,kmnist,800,9,20100000
2,41,19.029998779296875,-1.0,3.0392130084991456,-1.0,31.375,1.9382258129119874,193.59984064102173,fb194406-5850-49c8-9ce1-14824c66c86c,0.0,kmnist,800,9,20100000
3,61,19.5,-1.0,2.484717295265198,-1.0,33.0,1.918337812423706,278.10941529273987,fb194406-5850-49c8-9ce1-14824c66c86c,0.0,kmnist,800,9,20100000
4,81,19.65999984741211,-1.0,2.503532600402832,-1.0,33.625,1.8742224979400635,363.45780181884766,fb194406-5850-49c8-9ce1-14824c66c86c,0.0,kmnist,800,9,20100000
5,100,19.69999885559082,-1.0,2.6930730039596558,-1.0,35.75,1.8396121883392333,443.4018802642822,fb194406-5850-49c8-9ce1-14824c66c86c,0.0,kmnist,800,9,20100000
0,1,19.369998931884766,-1.0,122.63732719726562,-1.0,12.0,22.96087074279785,21.894749402999878,6a08ae0e-e88d-428b-935e-a300477a8730,3.0,cifar10,100,9,20100000
1,21,10.00999927520752,-1.0,427098.342,-1.0,43.0,2.171882390975952,115.35010838508606,6a08ae0e-e88d-428b-935e-a300477a8730,3.0,cifar10,100,9,20100000
2,41,29.06999969482422,-1.0,3.6126405597686766,-1.0,60.0,1.1197423934936523,210.68373084068298,6a08ae0e-e88d-428b-935e-a300477a8730,3.0,cifar10,100,9,20100000
3,61,33.66999816894531,-1.0,2.232281732940674,-1.0,68.0,1.0104767084121704,307.1140010356903,6a08ae0e-e88d-428b-935e-a300477a8730,3.0,cifar10,100,9,20100000
4,81,34.66999816894531,-1.0,2.121734414100647,-1.0,66.0,0.9779762029647827,402.49700689315796,6a08ae0e-e88d-428b-935e-a300477a8730,3.0,cifar10,100,9,20100000
5,100,34.619998931884766,-1.0,2.1745837799072265,-1.0,67.0,0.9711799621582031,493.6040794849396,6a08ae0e-e88d-428b-935e-a300477a8730,3.0,cifar10,100,9,20100000
0,1,85.0199966430664,-1.0,0.46416505908966066,-1.0,73.2265625,2.8916399449110033,58.00421977043152,d21070d0-a400-426f-af1a-ca683646836c,3.0,cifar10,12800,3,20100000
1,11,90.5,-1.0,0.29039931364059446,-1.0,96.3671875,0.11174204077571631,358.5921354293823,d21070d0-a400-426f-af1a-ca683646836c,3.0,cifar10,12800,3,20100000
2,21,89.61000061035156,-1.0,0.346740430521965,-1.0,97.7109375,0.07554184701293706,670.5711400508881,d21070d0-a400-426f-af1a-ca683646836c,3.0,cifar10,12800,3,20100000
3,31,89.63999938964844,-1.0,0.3682725572109222,-1.0,97.84375,0.07285187123343348,971.9173011779785,d21070d0-a400-426f-af1a-ca683646836c,3.0,cifar10,12800,3,20100000
4,41,89.0,-1.0,0.37568644123077394,-1.0,97.7578125,0.07131415214389562,1275.651484489441,d21070d0-a400-426f-af1a-ca683646836c,3.0,cifar10,12800,3,20100000
5,51,92.32999420166016,-1.0,0.24579679453596473,-1.0,99.078125,0.03761553180404007,1578.9064931869507,d21070d0-a400-426f-af1a-ca683646836c,3.0,cifar10,12800,3,20100000
6,61,92.94999694824219,-1.0,0.24591735582351684,-1.0,99.96875,0.006359845239203423,1879.6833307743073,d21070d0-a400-426f-af1a-ca683646836c,3.0,cifar10,12800,3,20100000
7,71,93.0999984741211,-1.0,0.24822157618999482,-1.0,99.9765625,0.003890587568748742,2175.2261292934418,d21070d0-a400-426f-af1a-ca683646836c,3.0,cifar10,12800,3,20100000
8,81,93.06999969482422,-1.0,0.2513507843494415,-1.0,99.9765625,0.003432210110477172,2446.395650625229,d21070d0-a400-426f-af1a-ca683646836c,3.0,cifar10,12800,3,20100000
9,91,93.12999725341797,-1.0,0.24720690317153932,-1.0,99.9921875,0.0028010591579368336,2730.3257415294647,d21070d0-a400-426f-af1a-ca683646836c,3.0,cifar10,12800,3,20100000
10,101,93.04000091552734,-1.0,0.24997025653123855,-1.0,99.9921875,0.0026063625258393587,3026.599883556366,d21070d0-a400-426f-af1a-ca683646836c,3.0,cifar10,12800,3,20100000
11,111,93.11000061035156,-1.0,0.24470141050815583,-1.0,100.0,0.0025137182709295304,3317.525055408478,d21070d0-a400-426f-af1a-ca683646836c,3.0,cifar10,12800,3,20100000
12,121,93.12999725341797,-1.0,0.24292208842635155,-1.0,100.0,0.0025442300582653845,3613.8533120155334,d21070d0-a400-426f-af1a-ca683646836c,3.0,cifar10,12800,3,20100000
13,131,93.15999603271484,-1.0,0.2407972092628479,-1.0,99.9921875,0.0024380187038332223,3902.023520231247,d21070d0-a400-426f-af1a-ca683646836c,3.0,cifar10,12800,3,20100000
14,141,93.12999725341797,-1.0,0.24117725581079721,-1.0,100.0,0.0023127350030699746,4197.961967945099,d21070d0-a400-426f-af1a-ca683646836c,3.0,cifar10,12800,3,20100000
15,150,93.11000061035156,-1.0,0.24315546880960465,-1.0,100.0,0.0023587245598901065,4458.107250213623,d21070d0-a400-426f-af1a-ca683646836c,3.0,cifar10,12800,3,20100000
0,1,27.03999900817871,-1.0,1.8719650421142577,-1.0,22.8359375,4.620949716567993,50.74135136604309,efca32df-86dc-4bcb-8ba2-d1a020257aa3,3.0,cifar10,12800,9,20100000
1,11,62.68000030517578,-1.0,1.1118869424819946,-1.0,73.9296875,0.7358593386411667,398.6332824230194,efca32df-86dc-4bcb-8ba2-d1a020257aa3,3.0,cifar10,12800,9,20100000
2,21,74.27999877929688,-1.0,0.8183642568588256,-1.0,81.6171875,0.5173952233791351,745.9594860076904,efca32df-86dc-4bcb-8ba2-d1a020257aa3,3.0,cifar10,12800,9,20100000
3,31,74.68000030517578,-1.0,0.8056904186248779,-1.0,86.890625,0.3700311554968357,1092.9724535942078,efca32df-86dc-4bcb-8ba2-d1a020257aa3,3.0,cifar10,12800,9,20100000
4,41,74.45999908447266,-1.0,0.9226113767623901,-1.0,90.3046875,0.2760922874510288,1440.2558319568634,efca32df-86dc-4bcb-8ba2-d1a020257aa3,3.0,cifar10,12800,9,20100000
5,51,87.0,-1.0,0.3959645251750946,-1.0,96.1640625,0.12526305969804524,1787.8996105194092,efca32df-86dc-4bcb-8ba2-d1a020257aa3,3.0,cifar10,12800,9,20100000
6,61,88.0,-1.0,0.4218171593666077,-1.0,99.453125,0.02788597233593464,2138.485979795456,efca32df-86dc-4bcb-8ba2-d1a020257aa3,3.0,cifar10,12800,9,20100000
7,71,87.72999572753906,-1.0,0.4491692206859589,-1.0,99.7109375,0.015867281639948487,2486.0016655921936,efca32df-86dc-4bcb-8ba2-d1a020257aa3,3.0,cifar10,12800,9,20100000
8,81,87.9000015258789,-1.0,0.47426734988689423,-1.0,99.8203125,0.010891817671945319,2833.440987110138,efca32df-86dc-4bcb-8ba2-d1a020257aa3,3.0,cifar10,12800,9,20100000
9,91,87.68000030517578,-1.0,0.4866511323928833,-1.0,99.9375,0.0080480443011038,3180.9146587848663,efca32df-86dc-4bcb-8ba2-d1a020257aa3,3.0,cifar10,12800,9,20100000
10,101,87.68000030517578,-1.0,0.4862215072631836,-1.0,99.890625,0.007127075352473184,3528.3582293987274,efca32df-86dc-4bcb-8ba2-d1a020257aa3,3.0,cifar10,12800,9,20100000
11,111,87.81999969482422,-1.0,0.48285622990131377,-1.0,99.9375,0.005403322814963758,3875.8430886268616,efca32df-86dc-4bcb-8ba2-d1a020257aa3,3.0,cifar10,12800,9,20100000
12,121,87.97999572753906,-1.0,0.4793666253045201,-1.0,99.9453125,0.005141498394077643,4223.308748483658,efca32df-86dc-4bcb-8ba2-d1a020257aa3,3.0,cifar10,12800,9,20100000
13,131,88.12999725341797,-1.0,0.47928978395462035,-1.0,99.9609375,0.004520769362570718,4570.808443069458,efca32df-86dc-4bcb-8ba2-d1a020257aa3,3.0,cifar10,12800,9,20100000
14,141,88.07999420166016,-1.0,0.47937759498357774,-1.0,99.9609375,0.004254052840406075,4919.034318447113,efca32df-86dc-4bcb-8ba2-d1a020257aa3,3.0,cifar10,12800,9,20100000
15,150,87.94999694824219,-1.0,0.48050687999725344,-1.0,99.953125,0.004718691065208986,5233.309725046158,efca32df-86dc-4bcb-8ba2-d1a020257aa3,3.0,cifar10,12800,9,20100000
0,1,14.670000076293945,-1.0,761.233943359375,-1.0,51.125,13.19793261051178,31.664729356765747,f011dbd2-8e5d-4ad6-8d00-af11ce871490,3.0,cifar10,1600,3,20100000
1,21,82.50999450683594,-1.0,0.6797912420272827,-1.0,99.5625,0.027826953306794168,191.02866172790527,f011dbd2-8e5d-4ad6-8d00-af11ce871490,3.0,cifar10,1600,3,20100000
2,41,83.36000061035156,-1.0,0.6785033140182495,-1.0,99.9375,0.012432970330119133,351.05294036865234,f011dbd2-8e5d-4ad6-8d00-af11ce871490,3.0,cifar10,1600,3,20100000
3,61,83.37999725341797,-1.0,0.6688566198348999,-1.0,100.0,0.008666753135621548,528.8538601398468,f011dbd2-8e5d-4ad6-8d00-af11ce871490,3.0,cifar10,1600,3,20100000
4,81,83.65999603271484,-1.0,0.6710523573875428,-1.0,99.875,0.01378113728016615,705.6322531700134,f011dbd2-8e5d-4ad6-8d00-af11ce871490,3.0,cifar10,1600,3,20100000
5,100,83.7699966430664,-1.0,0.6587420685052872,-1.0,100.0,0.008550186119973659,861.7366390228271,f011dbd2-8e5d-4ad6-8d00-af11ce871490,3.0,cifar10,1600,3,20100000
0,1,10.0,-1.0,3251197.8592,-1.0,20.4375,21.946354026794435,26.54935050010681,d3209f6c-d6f8-4e10-a05f-127b2d91e65e,3.0,cifar10,1600,9,20100000
1,21,48.86000061035156,-1.0,1.752392628479004,-1.0,58.375,1.2989999628067017,204.03116869926453,d3209f6c-d6f8-4e10-a05f-127b2d91e65e,3.0,cifar10,1600,9,20100000
2,41,61.019996643066406,-1.0,1.220373212814331,-1.0,74.125,0.760169415473938,379.35297203063965,d3209f6c-d6f8-4e10-a05f-127b2d91e65e,3.0,cifar10,1600,9,20100000
3,61,60.5099983215332,-1.0,1.2351433343887328,-1.0,77.1875,0.6682817673683167,586.2203061580658,d3209f6c-d6f8-4e10-a05f-127b2d91e65e,3.0,cifar10,1600,9,20100000
4,81,64.54999542236328,-1.0,1.142699453353882,-1.0,80.1875,0.6045141506195069,908.959409236908,d3209f6c-d6f8-4e10-a05f-127b2d91e65e,3.0,cifar10,1600,9,20100000
5,100,64.56999969482422,-1.0,1.1489076840400696,-1.0,80.25,0.5738597917556763,1166.5109646320343,d3209f6c-d6f8-4e10-a05f-127b2d91e65e,3.0,cifar10,1600,9,20100000
0,1,10.0,-1.0,7315.7683875,-1.0,24.5,21.73342529296875,23.6157283782959,8366c8b1-32a2-4f83-a4b5-4d48b0f157b3,3.0,cifar10,200,9,20100000
1,21,16.25,-1.0,63.74715292358398,-1.0,31.0,2.4467462062835694,124.67952489852905,8366c8b1-32a2-4f83-a4b5-4d48b0f157b3,3.0,cifar10,200,9,20100000
2,41,26.279998779296875,-1.0,2.597566326904297,-1.0,38.0,1.8483612537384033,225.76108574867249,8366c8b1-32a2-4f83-a4b5-4d48b0f157b3,3.0,cifar10,200,9,20100000
3,61,28.489999771118164,-1.0,2.1270336938858034,-1.0,46.5,1.4910986995697022,326.2606256008148,8366c8b1-32a2-4f83-a4b5-4d48b0f157b3,3.0,cifar10,200,9,20100000
4,81,28.959999084472656,-1.0,2.0889670837402345,-1.0,45.5,1.489969072341919,427.0631175041199,8366c8b1-32a2-4f83-a4b5-4d48b0f157b3,3.0,cifar10,200,9,20100000
5,100,28.829999923706055,-1.0,2.1411454750061036,-1.0,44.5,1.526186227798462,523.4487338066101,8366c8b1-32a2-4f83-a4b5-4d48b0f157b3,3.0,cifar10,200,9,20100000
0,1,44.95000076293945,-1.0,5.61617676563263,-1.0,31.86328125,3.5984363770484924,86.84064173698425,e862ccb9-4626-457d-b6f3-bd0fc9b93be5,3.0,cifar10,25600,9,20100000
1,11,78.75,-1.0,0.6188315721511841,-1.0,83.57421875,0.4670190228521824,776.7803704738617,e862ccb9-4626-457d-b6f3-bd0fc9b93be5,3.0,cifar10,25600,9,20100000
2,21,76.1199951171875,-1.0,0.790442835521698,-1.0,87.984375,0.34580481104552746,1426.6625537872314,e862ccb9-4626-457d-b6f3-bd0fc9b93be5,3.0,cifar10,25600,9,20100000
3,31,80.29999542236328,-1.0,0.6444209536552429,-1.0,90.0625,0.2859589383751154,2077.651426553726,e862ccb9-4626-457d-b6f3-bd0fc9b93be5,3.0,cifar10,25600,9,20100000
4,41,79.18999481201172,-1.0,0.7190208042144776,-1.0,91.5078125,0.25205963011831045,2732.796616077423,e862ccb9-4626-457d-b6f3-bd0fc9b93be5,3.0,cifar10,25600,9,20100000
5,51,91.3499984741211,-1.0,0.2633003882408142,-1.0,95.94921875,0.12768883107230067,3387.3678872585297,e862ccb9-4626-457d-b6f3-bd0fc9b93be5,3.0,cifar10,25600,9,20100000
6,61,91.94999694824219,-1.0,0.2798756324648857,-1.0,99.453125,0.024756653538206594,4044.869452238083,e862ccb9-4626-457d-b6f3-bd0fc9b93be5,3.0,cifar10,25600,9,20100000
7,71,91.44999694824219,-1.0,0.3179128942728043,-1.0,99.703125,0.015198620811570435,4757.8813416957855,e862ccb9-4626-457d-b6f3-bd0fc9b93be5,3.0,cifar10,25600,9,20100000
8,81,91.83999633789062,-1.0,0.29940958255529404,-1.0,99.69921875,0.013921295814216137,5472.506314992905,e862ccb9-4626-457d-b6f3-bd0fc9b93be5,3.0,cifar10,25600,9,20100000
9,91,91.70999908447266,-1.0,0.2990279525756836,-1.0,99.86328125,0.008793995741289109,6176.076715707779,e862ccb9-4626-457d-b6f3-bd0fc9b93be5,3.0,cifar10,25600,9,20100000
10,101,91.83999633789062,-1.0,0.29139087936878205,-1.0,99.8671875,0.008791500920779072,6894.311720609665,e862ccb9-4626-457d-b6f3-bd0fc9b93be5,3.0,cifar10,25600,9,20100000
11,111,91.93999481201172,-1.0,0.28536585922408847,-1.0,99.953125,0.004427970005490351,7620.955482006073,e862ccb9-4626-457d-b6f3-bd0fc9b93be5,3.0,cifar10,25600,9,20100000
12,121,91.93999481201172,-1.0,0.28217013969421384,-1.0,99.96484375,0.003944289270439185,8348.287417411804,e862ccb9-4626-457d-b6f3-bd0fc9b93be5,3.0,cifar10,25600,9,20100000
13,131,91.98999786376953,-1.0,0.2822108753204346,-1.0,99.984375,0.0033521255818777717,9059.372941493988,e862ccb9-4626-457d-b6f3-bd0fc9b93be5,3.0,cifar10,25600,9,20100000
14,141,92.15999603271484,-1.0,0.28057799565792085,-1.0,99.9765625,0.0034611057059373705,9737.770562410355,e862ccb9-4626-457d-b6f3-bd0fc9b93be5,3.0,cifar10,25600,9,20100000
15,150,92.1199951171875,-1.0,0.28034765607118606,-1.0,99.984375,0.003423738137935288,10384.470968723297,e862ccb9-4626-457d-b6f3-bd0fc9b93be5,3.0,cifar10,25600,9,20100000
0,1,15.34999942779541,-1.0,1567.339493286133,-1.0,16.53125,10.75590576171875,32.16931414604187,60faef37-98a5-4457-97c8-ba3dd53323b3,3.0,cifar10,3200,9,20100000
1,11,43.209999084472656,-1.0,1.5522029615402222,-1.0,47.09375,1.5674965858459473,164.56206631660461,60faef37-98a5-4457-97c8-ba3dd53323b3,3.0,cifar10,3200,9,20100000
2,21,44.63999938964844,-1.0,1.6655217289924622,-1.0,60.625,1.086847460269928,305.0579786300659,60faef37-98a5-4457-97c8-ba3dd53323b3,3.0,cifar10,3200,9,20100000
3,31,61.69999694824219,-1.0,1.09585442237854,-1.0,69.375,0.8527045965194702,440.5002884864807,60faef37-98a5-4457-97c8-ba3dd53323b3,3.0,cifar10,3200,9,20100000
4,41,64.45999908447266,-1.0,1.0178725147247314,-1.0,76.65625,0.6410574650764466,575.475911617279,60faef37-98a5-4457-97c8-ba3dd53323b3,3.0,cifar10,3200,9,20100000
5,51,72.31999969482422,-1.0,0.8214690998077393,-1.0,86.46875,0.39107691049575805,715.3803398609161,60faef37-98a5-4457-97c8-ba3dd53323b3,3.0,cifar10,3200,9,20100000
6,61,74.54000091552734,-1.0,0.7997384725570679,-1.0,91.0625,0.2639905679225922,847.4832720756531,60faef37-98a5-4457-97c8-ba3dd53323b3,3.0,cifar10,3200,9,20100000
7,71,74.6500015258789,-1.0,0.832522260427475,-1.0,93.21875,0.2132502430677414,981.5147631168365,60faef37-98a5-4457-97c8-ba3dd53323b3,3.0,cifar10,3200,9,20100000
8,81,74.3499984741211,-1.0,0.8815779195785522,-1.0,95.1875,0.16134761661291122,1112.7187020778656,60faef37-98a5-4457-97c8-ba3dd53323b3,3.0,cifar10,3200,9,20100000
9,91,73.55999755859375,-1.0,0.9376508358955383,-1.0,95.65625,0.13766396522521973,1246.89240193367,60faef37-98a5-4457-97c8-ba3dd53323b3,3.0,cifar10,3200,9,20100000
10,101,74.97999572753906,-1.0,0.929576141166687,-1.0,97.4375,0.0959608855843544,1385.3186058998108,60faef37-98a5-4457-97c8-ba3dd53323b3,3.0,cifar10,3200,9,20100000
11,111,75.29000091552734,-1.0,0.9322563468933105,-1.0,98.375,0.0757614427804947,1530.231855392456,60faef37-98a5-4457-97c8-ba3dd53323b3,3.0,cifar10,3200,9,20100000
12,121,75.40999603271484,-1.0,0.9356645652770996,-1.0,98.25,0.07721283420920372,1670.01553440094,60faef37-98a5-4457-97c8-ba3dd53323b3,3.0,cifar10,3200,9,20100000
13,131,75.20999908447266,-1.0,0.9456704921722412,-1.0,98.71875,0.06951594203710557,1808.0148196220398,60faef37-98a5-4457-97c8-ba3dd53323b3,3.0,cifar10,3200,9,20100000
14,141,75.52999877929688,-1.0,0.9459142251968384,-1.0,98.21875,0.07302196443080902,1943.8456478118896,60faef37-98a5-4457-97c8-ba3dd53323b3,3.0,cifar10,3200,9,20100000
15,150,75.47000122070312,-1.0,0.9529774830818176,-1.0,98.46875,0.06978435665369034,2068.373309135437,60faef37-98a5-4457-97c8-ba3dd53323b3,3.0,cifar10,3200,9,20100000
0,1,10.0,-1.0,2.626450402597719e+21,-1.0,24.75,41.97787536621094,23.288913011550903,d17c5322-7021-43c3-9428-a75ae80101d7,3.0,cifar10,400,9,20100000
1,21,21.479999542236328,-1.0,2.7848853622436525,-1.0,25.75,2.739128713607788,136.68458223342896,d17c5322-7021-43c3-9428-a75ae80101d7,3.0,cifar10,400,9,20100000
2,41,27.17999839782715,-1.0,2.4735428554534913,-1.0,33.75,1.7998875236511231,249.1468596458435,d17c5322-7021-43c3-9428-a75ae80101d7,3.0,cifar10,400,9,20100000
3,61,29.170000076293945,-1.0,2.293036421203613,-1.0,39.0,1.6140875911712647,371.06099128723145,d17c5322-7021-43c3-9428-a75ae80101d7,3.0,cifar10,400,9,20100000
4,81,28.3799991607666,-1.0,2.199663140487671,-1.0,38.5,1.5778506374359131,496.6160178184509,d17c5322-7021-43c3-9428-a75ae80101d7,3.0,cifar10,400,9,20100000
5,100,28.969999313354492,-1.0,2.51684094581604,-1.0,40.0,1.577506685256958,611.7448306083679,d17c5322-7021-43c3-9428-a75ae80101d7,3.0,cifar10,400,9,20100000
0,1,77.88999938964844,-1.0,0.8060374982833862,-1.0,67.296875,4.5099527502059935,36.95204472541809,8d667afe-d6df-4879-89ee-19fc2a88f761,3.0,cifar10,6400,3,20100000
1,11,87.68000030517578,-1.0,0.39560003509521485,-1.0,97.265625,0.09713400118052959,212.56419324874878,8d667afe-d6df-4879-89ee-19fc2a88f761,3.0,cifar10,6400,3,20100000
2,21,88.8499984741211,-1.0,0.3691429968237877,-1.0,98.875,0.05144276916980743,394.6170938014984,8d667afe-d6df-4879-89ee-19fc2a88f761,3.0,cifar10,6400,3,20100000
3,31,87.70999908447266,-1.0,0.42150158567428586,-1.0,99.078125,0.043872660212218764,570.3786611557007,8d667afe-d6df-4879-89ee-19fc2a88f761,3.0,cifar10,6400,3,20100000
4,41,86.55999755859375,-1.0,0.45530997142791746,-1.0,99.359375,0.03306783208623529,747.6771948337555,8d667afe-d6df-4879-89ee-19fc2a88f761,3.0,cifar10,6400,3,20100000
5,51,90.25,-1.0,0.325967852973938,-1.0,99.546875,0.026781292967498302,926.3367383480072,8d667afe-d6df-4879-89ee-19fc2a88f761,3.0,cifar10,6400,3,20100000
6,61,90.91999816894531,-1.0,0.3054522155880928,-1.0,99.9375,0.009011121140792966,1105.9132099151611,8d667afe-d6df-4879-89ee-19fc2a88f761,3.0,cifar10,6400,3,20100000
7,71,91.22000122070312,-1.0,0.3050108538746834,-1.0,99.96875,0.007086770436726511,1283.6123704910278,8d667afe-d6df-4879-89ee-19fc2a88f761,3.0,cifar10,6400,3,20100000
8,81,91.00999450683594,-1.0,0.3068460195541382,-1.0,100.0,0.0050888675078749656,1462.3005883693695,8d667afe-d6df-4879-89ee-19fc2a88f761,3.0,cifar10,6400,3,20100000
9,91,91.22000122070312,-1.0,0.30899310608506203,-1.0,99.984375,0.004585492750629782,1642.8218026161194,8d667afe-d6df-4879-89ee-19fc2a88f761,3.0,cifar10,6400,3,20100000
10,101,91.04999542236328,-1.0,0.3106385801315308,-1.0,100.0,0.003761090338230133,1824.9276368618011,8d667afe-d6df-4879-89ee-19fc2a88f761,3.0,cifar10,6400,3,20100000
11,111,91.12999725341797,-1.0,0.30776813552379606,-1.0,100.0,0.0038848848128691317,2005.5020418167114,8d667afe-d6df-4879-89ee-19fc2a88f761,3.0,cifar10,6400,3,20100000
12,121,91.16999816894531,-1.0,0.30680307836532594,-1.0,99.984375,0.003712359818164259,2182.911883831024,8d667afe-d6df-4879-89ee-19fc2a88f761,3.0,cifar10,6400,3,20100000
13,131,91.00999450683594,-1.0,0.3095987235784531,-1.0,100.0,0.004006791706196964,2359.3061332702637,8d667afe-d6df-4879-89ee-19fc2a88f761,3.0,cifar10,6400,3,20100000
14,141,91.19999694824219,-1.0,0.30874241762161253,-1.0,99.984375,0.003699217645917088,2540.1602895259857,8d667afe-d6df-4879-89ee-19fc2a88f761,3.0,cifar10,6400,3,20100000
15,150,91.20999908447266,-1.0,0.30786980695724486,-1.0,100.0,0.0034267429960891604,2703.7060458660126,8d667afe-d6df-4879-89ee-19fc2a88f761,3.0,cifar10,6400,3,20100000
0,1,19.1299991607666,-1.0,2.3502697402954102,-1.0,18.5625,8.077540287971496,48.068016052246094,2ec8eaf7-3d25-4ca8-950e-479c11d60c3e,3.0,cifar10,6400,9,20100000
1,11,55.0099983215332,-1.0,1.2316181720733643,-1.0,62.9375,1.022843462228775,269.02921295166016,2ec8eaf7-3d25-4ca8-950e-479c11d60c3e,3.0,cifar10,6400,9,20100000
2,21,67.98999786376953,-1.0,0.9265916814804077,-1.0,75.09375,0.7067693948745728,485.9044680595398,2ec8eaf7-3d25-4ca8-950e-479c11d60c3e,3.0,cifar10,6400,9,20100000
3,31,70.5999984741211,-1.0,0.8747876801967621,-1.0,82.625,0.4848536938428879,710.7140526771545,2ec8eaf7-3d25-4ca8-950e-479c11d60c3e,3.0,cifar10,6400,9,20100000
4,41,69.11000061035156,-1.0,1.1303830938339234,-1.0,88.375,0.3259552302956581,931.0797543525696,2ec8eaf7-3d25-4ca8-950e-479c11d60c3e,3.0,cifar10,6400,9,20100000
5,51,81.47000122070312,-1.0,0.5971354064941407,-1.0,95.203125,0.16205848038196563,1146.9671993255615,2ec8eaf7-3d25-4ca8-950e-479c11d60c3e,3.0,cifar10,6400,9,20100000
6,61,82.41999816894531,-1.0,0.6415140798568726,-1.0,98.890625,0.05183889713138342,1364.765877008438,2ec8eaf7-3d25-4ca8-950e-479c11d60c3e,3.0,cifar10,6400,9,20100000
7,71,82.37999725341797,-1.0,0.6864334359169006,-1.0,99.28125,0.033952668197453025,1587.1824655532837,2ec8eaf7-3d25-4ca8-950e-479c11d60c3e,3.0,cifar10,6400,9,20100000
8,81,82.36000061035156,-1.0,0.7213131534576416,-1.0,99.59375,0.021532510044053196,1810.2283203601837,2ec8eaf7-3d25-4ca8-950e-479c11d60c3e,3.0,cifar10,6400,9,20100000
9,91,82.86000061035156,-1.0,0.7301820344924926,-1.0,99.796875,0.015160264428704977,2025.3914511203766,2ec8eaf7-3d25-4ca8-950e-479c11d60c3e,3.0,cifar10,6400,9,20100000
10,101,82.55999755859375,-1.0,0.7455981067657471,-1.0,99.828125,0.011148174717091024,2244.7111790180206,2ec8eaf7-3d25-4ca8-950e-479c11d60c3e,3.0,cifar10,6400,9,20100000
11,111,82.66999816894531,-1.0,0.7435769927024841,-1.0,99.84375,0.011416150908917188,2476.27197766304,2ec8eaf7-3d25-4ca8-950e-479c11d60c3e,3.0,cifar10,6400,9,20100000
12,121,82.7699966430664,-1.0,0.7414421936988831,-1.0,99.890625,0.009922499293461442,2702.250456571579,2ec8eaf7-3d25-4ca8-950e-479c11d60c3e,3.0,cifar10,6400,9,20100000
13,131,82.68000030517578,-1.0,0.7467227522850036,-1.0,99.890625,0.009294159132987262,2917.4948716163635,2ec8eaf7-3d25-4ca8-950e-479c11d60c3e,3.0,cifar10,6400,9,20100000
14,141,82.82999420166016,-1.0,0.7462531250834465,-1.0,99.90625,0.010135420872829854,3140.9541511535645,2ec8eaf7-3d25-4ca8-950e-479c11d60c3e,3.0,cifar10,6400,9,20100000
15,150,82.93000030517578,-1.0,0.7459984011650086,-1.0,99.90625,0.00856359670870006,3343.9995176792145,2ec8eaf7-3d25-4ca8-950e-479c11d60c3e,3.0,cifar10,6400,9,20100000
0,1,10.0,-1.0,26141586241670.348,-1.0,20.875,36.0519144821167,27.2901029586792,7f1f3a9b-0810-4ea5-bda8-041082a26b46,3.0,cifar10,800,9,20100000
1,21,26.239999771118164,-1.0,1.9642838134765626,-1.0,29.125,1.9176082849502563,164.320739030838,7f1f3a9b-0810-4ea5-bda8-041082a26b46,3.0,cifar10,800,9,20100000
2,41,37.32999801635742,-1.0,1.7131831562042237,-1.0,44.375,1.5899436473846436,302.43466901779175,7f1f3a9b-0810-4ea5-bda8-041082a26b46,3.0,cifar10,800,9,20100000
3,61,40.37999725341797,-1.0,1.7270566242218017,-1.0,47.375,1.4557254552841186,438.33503460884094,7f1f3a9b-0810-4ea5-bda8-041082a26b46,3.0,cifar10,800,9,20100000
4,81,41.22999954223633,-1.0,1.5991405792236328,-1.0,50.375,1.3150340223312378,572.3472213745117,7f1f3a9b-0810-4ea5-bda8-041082a26b46,3.0,cifar10,800,9,20100000
5,100,41.619998931884766,-1.0,1.6790033828735351,-1.0,48.5,1.3214999198913575,701.355631351471,7f1f3a9b-0810-4ea5-bda8-041082a26b46,3.0,cifar10,800,9,20100000
0,1,17.850000381469727,-1.0,113.66487774658204,-1.0,11.0,18.1334171295166,19.189637184143066,151488f4-7fc4-4d7a-a33d-8897de9d19e1,3.0,kmnist,100,9,20100000
1,21,10.0,-1.0,94905.3903,-1.0,42.0,1.6305776834487915,69.34898281097412,151488f4-7fc4-4d7a-a33d-8897de9d19e1,3.0,kmnist,100,9,20100000
2,41,18.03999900817871,-1.0,10.853866226196288,-1.0,55.0,1.3404884338378906,117.94556617736816,151488f4-7fc4-4d7a-a33d-8897de9d19e1,3.0,kmnist,100,9,20100000
3,61,23.09000015258789,-1.0,2.650975895309448,-1.0,61.0,1.2819602489471436,166.5679533481598,151488f4-7fc4-4d7a-a33d-8897de9d19e1,3.0,kmnist,100,9,20100000
4,81,23.469999313354492,-1.0,2.447860631561279,-1.0,62.0,1.2598180770874023,214.58359670639038,151488f4-7fc4-4d7a-a33d-8897de9d19e1,3.0,kmnist,100,9,20100000
5,100,23.510000228881836,-1.0,2.425955764389038,-1.0,62.0,1.253844976425171,262.6049556732178,151488f4-7fc4-4d7a-a33d-8897de9d19e1,3.0,kmnist,100,9,20100000
0,1,42.709999084472656,-1.0,1.697232123184204,-1.0,40.203125,4.327862139940262,60.27305293083191,67f99798-17c7-46e4-9d79-191afad3259f,3.0,kmnist,12800,9,20100000
1,11,81.83999633789062,-1.0,0.6165388198375702,-1.0,98.453125,0.05271229898557067,395.00828194618225,67f99798-17c7-46e4-9d79-191afad3259f,3.0,kmnist,12800,9,20100000
2,21,89.44999694824219,-1.0,0.3906607250213623,-1.0,99.609375,0.018415774242021142,730.0271916389465,67f99798-17c7-46e4-9d79-191afad3259f,3.0,kmnist,12800,9,20100000
3,31,94.95999908447266,-1.0,0.18988806369304656,-1.0,100.0,0.00121961124939844,1064.9293420314789,67f99798-17c7-46e4-9d79-191afad3259f,3.0,kmnist,12800,9,20100000
4,41,90.93999481201172,-1.0,0.36028422021865847,-1.0,99.1953125,0.02784270322881639,1399.7211573123932,67f99798-17c7-46e4-9d79-191afad3259f,3.0,kmnist,12800,9,20100000
5,51,95.8499984741211,-1.0,0.1488549909234047,-1.0,100.0,0.0013299180299509317,1734.3239312171936,67f99798-17c7-46e4-9d79-191afad3259f,3.0,kmnist,12800,9,20100000
6,61,96.00999450683594,-1.0,0.15074005681872368,-1.0,100.0,0.0011472213472006844,2069.141063451767,67f99798-17c7-46e4-9d79-191afad3259f,3.0,kmnist,12800,9,20100000
7,71,95.93000030517578,-1.0,0.151090762758255,-1.0,100.0,0.0010788518888875842,2403.996892929077,67f99798-17c7-46e4-9d79-191afad3259f,3.0,kmnist,12800,9,20100000
8,81,95.95999908447266,-1.0,0.1462301287293434,-1.0,100.0,0.0011236265022307635,2738.600512266159,67f99798-17c7-46e4-9d79-191afad3259f,3.0,kmnist,12800,9,20100000
9,91,96.00999450683594,-1.0,0.14789147321581841,-1.0,100.0,0.0011485801613889636,3073.1794154644012,67f99798-17c7-46e4-9d79-191afad3259f,3.0,kmnist,12800,9,20100000
10,101,95.98999786376953,-1.0,0.14759715158343314,-1.0,100.0,0.0010840361251030117,3407.9837448596954,67f99798-17c7-46e4-9d79-191afad3259f,3.0,kmnist,12800,9,20100000
11,111,95.75999450683594,-1.0,0.151842251265049,-1.0,100.0,0.0010779122886015102,3742.619015932083,67f99798-17c7-46e4-9d79-191afad3259f,3.0,kmnist,12800,9,20100000
12,121,95.80999755859375,-1.0,0.1512819784849882,-1.0,100.0,0.001020741846296005,4080.343952178955,67f99798-17c7-46e4-9d79-191afad3259f,3.0,kmnist,12800,9,20100000
13,131,95.89999389648438,-1.0,0.14810523138046264,-1.0,100.0,0.0010404903633752837,4414.987367391586,67f99798-17c7-46e4-9d79-191afad3259f,3.0,kmnist,12800,9,20100000
14,141,95.94999694824219,-1.0,0.14815591655522584,-1.0,100.0,0.001070890105329454,4749.430483341217,67f99798-17c7-46e4-9d79-191afad3259f,3.0,kmnist,12800,9,20100000
15,150,95.79000091552734,-1.0,0.15177880486249923,-1.0,100.0,0.0009947433340130375,5051.947618484497,67f99798-17c7-46e4-9d79-191afad3259f,3.0,kmnist,12800,9,20100000
0,1,10.0,-1.0,67694839516.3648,-1.0,16.3125,24.569266605377198,22.981951236724854,7d24f8a8-6110-46fa-a120-8218862dc697,3.0,kmnist,1600,9,20100000
1,21,53.56999969482422,-1.0,1.5254360874176025,-1.0,74.6875,0.8264262318611145,145.95612621307373,7d24f8a8-6110-46fa-a120-8218862dc697,3.0,kmnist,1600,9,20100000
2,41,68.83999633789062,-1.0,1.1817719219207763,-1.0,93.9375,0.2425982189178467,270.1294982433319,7d24f8a8-6110-46fa-a120-8218862dc697,3.0,kmnist,1600,9,20100000
3,61,71.05999755859375,-1.0,1.203506716966629,-1.0,98.6875,0.10750328332185745,395.7243809700012,7d24f8a8-6110-46fa-a120-8218862dc697,3.0,kmnist,1600,9,20100000
4,81,71.77999877929688,-1.0,1.1835029537200927,-1.0,99.4375,0.07703210815787315,521.6537823677063,7d24f8a8-6110-46fa-a120-8218862dc697,3.0,kmnist,1600,9,20100000
5,100,71.72999572753906,-1.0,1.1954928884506226,-1.0,99.75,0.06678799524903298,636.5461950302124,7d24f8a8-6110-46fa-a120-8218862dc697,3.0,kmnist,1600,9,20100000
0,1,10.219999313354492,-1.0,9429.291834375,-1.0,24.5,22.08047607421875,19.013694763183594,d35f361d-6ed2-4bea-b6fc-47253e26cf46,3.0,kmnist,200,9,20100000
1,21,20.279998779296875,-1.0,93.8926135345459,-1.0,50.5,1.4312831687927245,73.33936738967896,d35f361d-6ed2-4bea-b6fc-47253e26cf46,3.0,kmnist,200,9,20100000
2,41,35.369998931884766,-1.0,2.1046991771698,-1.0,77.5,0.8367409873008728,129.11753368377686,d35f361d-6ed2-4bea-b6fc-47253e26cf46,3.0,kmnist,200,9,20100000
3,61,38.77000045776367,-1.0,2.0384680591583253,-1.0,79.5,0.6999994349479676,186.02103281021118,d35f361d-6ed2-4bea-b6fc-47253e26cf46,3.0,kmnist,200,9,20100000
4,81,40.04999923706055,-1.0,2.06930108795166,-1.0,82.0,0.6740974593162536,241.4511275291443,d35f361d-6ed2-4bea-b6fc-47253e26cf46,3.0,kmnist,200,9,20100000
5,100,40.13999938964844,-1.0,2.0781658855438234,-1.0,84.0,0.6487698721885681,293.4721579551697,d35f361d-6ed2-4bea-b6fc-47253e26cf46,3.0,kmnist,200,9,20100000
0,1,60.90999984741211,-1.0,1.267432862663269,-1.0,55.16015625,2.5735815924406054,79.860835313797,efde0392-a22d-49e2-990e-61e1dc964967,3.0,kmnist,25600,9,20100000
1,11,91.83999633789062,-1.0,0.2883386942923069,-1.0,99.0,0.035144038659054785,776.5342977046967,efde0392-a22d-49e2-990e-61e1dc964967,3.0,kmnist,25600,9,20100000
2,21,88.54000091552734,-1.0,0.412060072517395,-1.0,98.81640625,0.037827270363923166,1445.3265507221222,efde0392-a22d-49e2-990e-61e1dc964967,3.0,kmnist,25600,9,20100000
3,31,93.29000091552734,-1.0,0.22248576333075762,-1.0,99.34375,0.023652174294693396,2080.9201147556305,efde0392-a22d-49e2-990e-61e1dc964967,3.0,kmnist,25600,9,20100000
4,41,92.39999389648438,-1.0,0.26726125507354737,-1.0,98.95703125,0.03490157959284261,2719.173259496689,efde0392-a22d-49e2-990e-61e1dc964967,3.0,kmnist,25600,9,20100000
5,51,97.2699966430664,-1.0,0.11027293645143509,-1.0,99.94921875,0.004113287740328815,3354.4701557159424,efde0392-a22d-49e2-990e-61e1dc964967,3.0,kmnist,25600,9,20100000
6,61,97.5199966430664,-1.0,0.09733118591457605,-1.0,99.99609375,0.0013552596341469326,4019.9990260601044,efde0392-a22d-49e2-990e-61e1dc964967,3.0,kmnist,25600,9,20100000
7,71,97.6199951171875,-1.0,0.09104988511502743,-1.0,100.0,0.001535478155419696,4699.415750980377,efde0392-a22d-49e2-990e-61e1dc964967,3.0,kmnist,25600,9,20100000
8,81,97.5999984741211,-1.0,0.09005293592922389,-1.0,100.0,0.0015557885164162145,5389.583167314529,efde0392-a22d-49e2-990e-61e1dc964967,3.0,kmnist,25600,9,20100000
9,91,97.62999725341797,-1.0,0.08808488830700517,-1.0,100.0,0.0015268171156640165,6058.486978530884,efde0392-a22d-49e2-990e-61e1dc964967,3.0,kmnist,25600,9,20100000
10,101,97.69999694824219,-1.0,0.08678021961972117,-1.0,100.0,0.0014973113956511953,6721.037685871124,efde0392-a22d-49e2-990e-61e1dc964967,3.0,kmnist,25600,9,20100000
11,111,97.65999603271484,-1.0,0.08690527862608433,-1.0,100.0,0.0014248602846055293,7389.257234573364,efde0392-a22d-49e2-990e-61e1dc964967,3.0,kmnist,25600,9,20100000
12,121,97.57999420166016,-1.0,0.08929885261058808,-1.0,100.0,0.0014073890930740164,8046.566421747208,efde0392-a22d-49e2-990e-61e1dc964967,3.0,kmnist,25600,9,20100000
13,131,97.68000030517578,-1.0,0.0864201679468155,-1.0,100.0,0.0014604158303700389,8686.033361196518,efde0392-a22d-49e2-990e-61e1dc964967,3.0,kmnist,25600,9,20100000
14,141,97.68000030517578,-1.0,0.08639087582826614,-1.0,100.0,0.0014042025464004837,9320.998325586319,efde0392-a22d-49e2-990e-61e1dc964967,3.0,kmnist,25600,9,20100000
15,150,97.63999938964844,-1.0,0.089926538002491,-1.0,100.0,0.001417604159214534,9902.967086315155,efde0392-a22d-49e2-990e-61e1dc964967,3.0,kmnist,25600,9,20100000
0,1,10.0,-1.0,2915011.1024,-1.0,17.9375,13.389988832473755,30.05846929550171,16128955-3ea2-48a3-985e-0155a48f16cb,3.0,kmnist,3200,9,20100000
1,11,64.45999908447266,-1.0,1.2001433876991272,-1.0,87.4375,0.41185428857803347,148.9323446750641,16128955-3ea2-48a3-985e-0155a48f16cb,3.0,kmnist,3200,9,20100000
2,21,73.45999908447266,-1.0,1.106978037071228,-1.0,99.03125,0.04969628132879734,271.53141689300537,16128955-3ea2-48a3-985e-0155a48f16cb,3.0,kmnist,3200,9,20100000
3,31,79.0,-1.0,0.8518363233566284,-1.0,99.90625,0.009827757887542247,389.4520857334137,16128955-3ea2-48a3-985e-0155a48f16cb,3.0,kmnist,3200,9,20100000
4,41,81.98999786376953,-1.0,0.742743241596222,-1.0,99.9375,0.012967687696218491,513.5579528808594,16128955-3ea2-48a3-985e-0155a48f16cb,3.0,kmnist,3200,9,20100000
5,51,85.44999694824219,-1.0,0.5813881334304809,-1.0,100.0,0.009838222190737725,638.1871907711029,16128955-3ea2-48a3-985e-0155a48f16cb,3.0,kmnist,3200,9,20100000
6,61,85.77999877929688,-1.0,0.5755973466873169,-1.0,100.0,0.0028678519558161496,763.6299405097961,16128955-3ea2-48a3-985e-0155a48f16cb,3.0,kmnist,3200,9,20100000
7,71,85.5999984741211,-1.0,0.580169486618042,-1.0,100.0,0.002567847212776542,889.1689684391022,16128955-3ea2-48a3-985e-0155a48f16cb,3.0,kmnist,3200,9,20100000
8,81,85.80999755859375,-1.0,0.5759617182731629,-1.0,100.0,0.002440167418681085,1039.6367814540863,16128955-3ea2-48a3-985e-0155a48f16cb,3.0,kmnist,3200,9,20100000
9,91,85.82999420166016,-1.0,0.5724283670425415,-1.0,100.0,0.002179465014487505,1163.1141488552094,16128955-3ea2-48a3-985e-0155a48f16cb,3.0,kmnist,3200,9,20100000
10,101,85.81999969482422,-1.0,0.5675190903663635,-1.0,100.0,0.0022286305436864497,1284.7992601394653,16128955-3ea2-48a3-985e-0155a48f16cb,3.0,kmnist,3200,9,20100000
11,111,85.98999786376953,-1.0,0.5699255376815796,-1.0,100.0,0.0023099188739433884,1409.8102390766144,16128955-3ea2-48a3-985e-0155a48f16cb,3.0,kmnist,3200,9,20100000
12,121,85.90999603271484,-1.0,0.5670020805358886,-1.0,100.0,0.0021767510334029794,1532.8935623168945,16128955-3ea2-48a3-985e-0155a48f16cb,3.0,kmnist,3200,9,20100000
13,131,85.80999755859375,-1.0,0.5705185654640198,-1.0,100.0,0.0021841307450085876,1657.2559854984283,16128955-3ea2-48a3-985e-0155a48f16cb,3.0,kmnist,3200,9,20100000
14,141,86.0199966430664,-1.0,0.5659200566589833,-1.0,100.0,0.0022773937694728374,1785.8902711868286,16128955-3ea2-48a3-985e-0155a48f16cb,3.0,kmnist,3200,9,20100000
15,150,85.95999908447266,-1.0,0.5669770021915436,-1.0,100.0,0.002235740660689771,1901.0921423435211,16128955-3ea2-48a3-985e-0155a48f16cb,3.0,kmnist,3200,9,20100000
0,1,10.0,-1.0,1.9561486897965306e+17,-1.0,22.5,41.55138381958008,20.070763111114502,d85dee79-9e86-4632-a25f-2bec27be0861,3.0,kmnist,400,9,20100000
1,21,25.829999923706055,-1.0,2.1497343433380127,-1.0,32.5,1.7440440988540649,86.23448848724365,d85dee79-9e86-4632-a25f-2bec27be0861,3.0,kmnist,400,9,20100000
2,41,27.34000015258789,-1.0,2.4580571956634523,-1.0,43.5,1.7131969213485718,153.35306310653687,d85dee79-9e86-4632-a25f-2bec27be0861,3.0,kmnist,400,9,20100000
3,61,32.27000045776367,-1.0,2.273885259056091,-1.0,51.5,1.4471072387695312,221.6168975830078,d85dee79-9e86-4632-a25f-2bec27be0861,3.0,kmnist,400,9,20100000
4,81,32.349998474121094,-1.0,2.2207006927490234,-1.0,53.75,1.3686653518676757,286.35707545280457,d85dee79-9e86-4632-a25f-2bec27be0861,3.0,kmnist,400,9,20100000
5,100,33.05999755859375,-1.0,2.2344327400207518,-1.0,56.75,1.32123779296875,351.11542892456055,d85dee79-9e86-4632-a25f-2bec27be0861,3.0,kmnist,400,9,20100000
0,1,19.219999313354492,-1.0,4.314144799041748,-1.0,21.625,7.803273782730103,37.86301112174988,d769e329-da7d-4a8b-b327-e7c060c811a8,3.0,kmnist,6400,9,20100000
1,11,75.52999877929688,-1.0,0.8470523102760315,-1.0,90.984375,0.2831636548042297,239.4336178302765,d769e329-da7d-4a8b-b327-e7c060c811a8,3.0,kmnist,6400,9,20100000
2,21,84.52999877929688,-1.0,0.5859899450302124,-1.0,98.78125,0.04492499653249979,438.0241286754608,d769e329-da7d-4a8b-b327-e7c060c811a8,3.0,kmnist,6400,9,20100000
3,31,88.75999450683594,-1.0,0.4797598717212677,-1.0,100.0,0.004339408907108009,631.307603597641,d769e329-da7d-4a8b-b327-e7c060c811a8,3.0,kmnist,6400,9,20100000
4,41,88.18999481201172,-1.0,0.5022305112838745,-1.0,99.46875,0.02305330688133836,827.2880601882935,d769e329-da7d-4a8b-b327-e7c060c811a8,3.0,kmnist,6400,9,20100000
5,51,90.62999725341797,-1.0,0.3961813466379419,-1.0,100.0,0.001736681975889951,1029.7152202129364,d769e329-da7d-4a8b-b327-e7c060c811a8,3.0,kmnist,6400,9,20100000
6,61,90.68000030517578,-1.0,0.39495036334991457,-1.0,100.0,0.001619722496252507,1232.4408197402954,d769e329-da7d-4a8b-b327-e7c060c811a8,3.0,kmnist,6400,9,20100000
7,71,90.81999969482422,-1.0,0.3895374460220337,-1.0,100.0,0.0016150764306075871,1434.0779156684875,d769e329-da7d-4a8b-b327-e7c060c811a8,3.0,kmnist,6400,9,20100000
8,81,90.75999450683594,-1.0,0.38670802268981935,-1.0,100.0,0.001593292453326285,1632.915935754776,d769e329-da7d-4a8b-b327-e7c060c811a8,3.0,kmnist,6400,9,20100000
9,91,90.7699966430664,-1.0,0.38565623798370363,-1.0,100.0,0.0015461771516129374,1830.8166613578796,d769e329-da7d-4a8b-b327-e7c060c811a8,3.0,kmnist,6400,9,20100000
10,101,91.08999633789062,-1.0,0.3806990379333496,-1.0,100.0,0.0015649338276125491,2021.1803286075592,d769e329-da7d-4a8b-b327-e7c060c811a8,3.0,kmnist,6400,9,20100000
11,111,90.82999420166016,-1.0,0.38450643661916256,-1.0,100.0,0.0014882949320599436,2218.284078359604,d769e329-da7d-4a8b-b327-e7c060c811a8,3.0,kmnist,6400,9,20100000
12,121,90.8699951171875,-1.0,0.3839287257194519,-1.0,100.0,0.0015631331223994493,2415.0421102046967,d769e329-da7d-4a8b-b327-e7c060c811a8,3.0,kmnist,6400,9,20100000
13,131,90.8699951171875,-1.0,0.3836744493484497,-1.0,100.0,0.0015079596941359342,2611.2221446037292,d769e329-da7d-4a8b-b327-e7c060c811a8,3.0,kmnist,6400,9,20100000
14,141,90.83999633789062,-1.0,0.3854059886932373,-1.0,100.0,0.0015202649694401771,2807.4749686717987,d769e329-da7d-4a8b-b327-e7c060c811a8,3.0,kmnist,6400,9,20100000
15,150,90.83999633789062,-1.0,0.3842014858007431,-1.0,100.0,0.001569178265053779,2985.5986547470093,d769e329-da7d-4a8b-b327-e7c060c811a8,3.0,kmnist,6400,9,20100000
0,1,10.0,-1.0,50295966297541.836,-1.0,16.375,41.5149059677124,26.11773943901062,3a6d80ec-8cd3-44ca-9812-371d2eb2a9bd,3.0,kmnist,800,9,20100000
1,21,35.290000915527344,-1.0,2.106565828704834,-1.0,57.375,1.2343908262252807,113.48223972320557,3a6d80ec-8cd3-44ca-9812-371d2eb2a9bd,3.0,kmnist,800,9,20100000
2,41,58.75,-1.0,1.458304096031189,-1.0,88.75,0.4186391270160675,196.37508869171143,3a6d80ec-8cd3-44ca-9812-371d2eb2a9bd,3.0,kmnist,800,9,20100000
3,61,61.05999755859375,-1.0,1.4419543698310853,-1.0,92.25,0.3036682790517807,283.8056437969208,3a6d80ec-8cd3-44ca-9812-371d2eb2a9bd,3.0,kmnist,800,9,20100000
4,81,61.769996643066406,-1.0,1.427040497779846,-1.0,93.5,0.2599831128120422,385.849622964859,3a6d80ec-8cd3-44ca-9812-371d2eb2a9bd,3.0,kmnist,800,9,20100000
5,100,61.72999954223633,-1.0,1.42440919380188,-1.0,92.875,0.2611530900001526,465.4110805988312,3a6d80ec-8cd3-44ca-9812-371d2eb2a9bd,3.0,kmnist,800,9,20100000
